ID,Title,URLs,"Date Uploaded","Media Type"
1325,ci-tinazzi-amarone-della-valpolicella-selezione-di-famiglia,https://www.huyhoangcenter.com/wp-content/uploads/2021/05/ci-tinazzi-amarone-della-valpolicella-selezione-di-famiglia.png,"Tháng Năm 12, 2021",image/png
1323,"weingut hauser",https://www.huyhoangcenter.com/wp-content/uploads/2021/05/weingut-hauser.jpg,"Tháng Năm 12, 2021",image/jpeg
1322,"Vin Santo Villa Vetrice-Italia",https://www.huyhoangcenter.com/wp-content/uploads/2021/05/Vin-Santo-Villa-Vetrice-Italia.jpg,"Tháng Năm 12, 2021",image/jpeg
1321,"ventoux domaine la capouillere",https://www.huyhoangcenter.com/wp-content/uploads/2021/05/ventoux-domaine-la-capouillere.jpg,"Tháng Năm 12, 2021",image/jpeg
1320,"veltliner friends",https://www.huyhoangcenter.com/wp-content/uploads/2021/05/veltliner-friends.jpg,"Tháng Năm 12, 2021",image/jpeg
1319,"veGA 18%vol. &#8211; Negroamaro e",https://www.huyhoangcenter.com/wp-content/uploads/2021/05/veGA-18vol.-Negroamaro-e.jpg,"Tháng Năm 12, 2021",image/jpeg
1318,"Varvaglione 12emezzo ROSATO",https://www.huyhoangcenter.com/wp-content/uploads/2021/05/Varvaglione-12emezzo-ROSATO.jpg,"Tháng Năm 12, 2021",image/jpeg
1317,"Tierras Moradas CARMENERE",https://www.huyhoangcenter.com/wp-content/uploads/2021/05/Tierras-Moradas-CARMENERE.jpg,"Tháng Năm 12, 2021",image/jpeg
1316,"thill auxerrois 2007 12.5vol",https://www.huyhoangcenter.com/wp-content/uploads/2021/05/thill-auxerrois-2007-12.5vol.jpg,"Tháng Năm 12, 2021",image/jpeg
1315,"Tertre Du Moulin Cuvée Millésim",https://www.huyhoangcenter.com/wp-content/uploads/2021/05/Tertre-Du-Moulin-Cuvee-Millesim.jpg,"Tháng Năm 12, 2021",image/jpeg
1314,"Stellario Chianti Rufina-Italia",https://www.huyhoangcenter.com/wp-content/uploads/2021/05/Stellario-Chianti-Rufina-Italia.png,"Tháng Năm 12, 2021",image/png
1313,"Slamove Vino Ryzlink 9,5%vol.",https://www.huyhoangcenter.com/wp-content/uploads/2021/05/Slamove-Vino-Ryzlink-95vol..jpg,"Tháng Năm 12, 2021",image/jpeg
1312,"Siaurac 2013 Lalande de POME",https://www.huyhoangcenter.com/wp-content/uploads/2021/05/Siaurac-2013-Lalande-de-POME.png,"Tháng Năm 12, 2021",image/png
1311,"Ser Lapo Chianti Classico DOCG",https://www.huyhoangcenter.com/wp-content/uploads/2021/05/Ser-Lapo-Chianti-Classico-DOCG.png,"Tháng Năm 12, 2021",image/png
1310,"Senailhac Chateau-Bordeaux-Fr",https://www.huyhoangcenter.com/wp-content/uploads/2021/05/Senailhac-Chateau-Bordeaux-Fr.jpg,"Tháng Năm 12, 2021",image/jpeg
1309,"Sekt Bacio Gold edition",https://www.huyhoangcenter.com/wp-content/uploads/2021/05/Sekt-Bacio-Gold-edition.jpg,"Tháng Năm 12, 2021",image/jpeg
1308,"Saugvinon VnS PS Bílé Suché",https://www.huyhoangcenter.com/wp-content/uploads/2021/05/Saugvinon-VnS-PS-Bile-Suche.jpg,"Tháng Năm 12, 2021",image/jpeg
1307,"Sativa Cannabis Gin 0,7L",https://www.huyhoangcenter.com/wp-content/uploads/2021/05/Sativa-Cannabis-Gin-07L.jpg,"Tháng Năm 12, 2021",image/jpeg
1306,"Sarajishvili XO 0,7L",https://www.huyhoangcenter.com/wp-content/uploads/2021/05/Sarajishvili-XO-07L.jpg,"Tháng Năm 12, 2021",image/jpeg
1305,"Santi Conegliano Prosseco Brut",https://www.huyhoangcenter.com/wp-content/uploads/2021/05/Santi-Conegliano-Prosseco-Brut.png,"Tháng Năm 12, 2021",image/png
1304,"Ryzlink Rýnský sladké-Morava",https://www.huyhoangcenter.com/wp-content/uploads/2021/05/Ryzlink-Rynsky-sladke-Morava.jpg,"Tháng Năm 12, 2021",image/jpeg
1303,"Rutherford Ranch Napa Valley",https://www.huyhoangcenter.com/wp-content/uploads/2021/05/Rutherford-Ranch-Napa-Valley.png,"Tháng Năm 12, 2021",image/png
1302,"Rosso di Ca&#8217; Momi California",https://www.huyhoangcenter.com/wp-content/uploads/2021/05/Rosso-di-Ca-Momi-California.png,"Tháng Năm 12, 2021",image/png
1301,"rosato chiaretto doc san Giovan",https://www.huyhoangcenter.com/wp-content/uploads/2021/05/rosato-chiaretto-doc-san-Giovan.jpg,"Tháng Năm 12, 2021",image/jpeg
1300,"Roero Arneis DOCG Cornarea 1",https://www.huyhoangcenter.com/wp-content/uploads/2021/05/Roero-Arneis-DOCG-Cornarea-1.jpg,"Tháng Năm 12, 2021",image/jpeg
1299,"Remy Martin Louis XIII &#8211; Grand",https://www.huyhoangcenter.com/wp-content/uploads/2021/05/Remy-Martin-Louis-XIII-Grand.jpg,"Tháng Năm 12, 2021",image/jpeg
1298,"RAIS Essenza Moscato 13,5%v",https://www.huyhoangcenter.com/wp-content/uploads/2021/05/RAIS-Essenza-Moscato-135v.jpg,"Tháng Năm 12, 2021",image/jpeg
1297,"Porsche Vodka 0,7l",https://www.huyhoangcenter.com/wp-content/uploads/2021/05/Porsche-Vodka-07l.jpg,"Tháng Năm 12, 2021",image/jpeg
1296,"PONTEY Chateau Medoc-france",https://www.huyhoangcenter.com/wp-content/uploads/2021/05/PONTEY-Chateau-Medoc-france.png,"Tháng Năm 12, 2021",image/png
1295,"POMMARD La Citadelle-France",https://www.huyhoangcenter.com/wp-content/uploads/2021/05/POMMARD-La-Citadelle-France.jpg,"Tháng Năm 12, 2021",image/jpeg
1294,"Polish Vodka Pepesza 1L 40%v",https://www.huyhoangcenter.com/wp-content/uploads/2021/05/Polish-Vodka-Pepesza-1L-40v.jpg,"Tháng Năm 12, 2021",image/jpeg
1293,"Plavis Merlot De Stefani &#8211; Venet",https://www.huyhoangcenter.com/wp-content/uploads/2021/05/Plavis-Merlot-De-Stefani-Venet.jpg,"Tháng Năm 12, 2021",image/jpeg
1292,"Pinot Grigio Caldaro",https://www.huyhoangcenter.com/wp-content/uploads/2021/05/Pinot-Grigio-Caldaro.jpg,"Tháng Năm 12, 2021",image/jpeg
1291,"Pietra Organic Primitivo Puglia I",https://www.huyhoangcenter.com/wp-content/uploads/2021/05/Pietra-Organic-Primitivo-Puglia-I.jpg,"Tháng Năm 12, 2021",image/jpeg
1290,"Piccini Chianti Reserva 0,75l",https://www.huyhoangcenter.com/wp-content/uploads/2021/05/Piccini-Chianti-Reserva-075l.jpg,"Tháng Năm 12, 2021",image/jpeg
1289,"Petit Chablis-France",https://www.huyhoangcenter.com/wp-content/uploads/2021/05/Petit-Chablis-France.png,"Tháng Năm 12, 2021",image/png
1288,"PERTIGNAS Chateau-Bordeaux-",https://www.huyhoangcenter.com/wp-content/uploads/2021/05/PERTIGNAS-Chateau-Bordeaux-.jpg,"Tháng Năm 12, 2021",image/jpeg
1287,"Parras Viejas Cabernet Saugvin",https://www.huyhoangcenter.com/wp-content/uploads/2021/05/Parras-Viejas-Cabernet-Saugvin.jpg,"Tháng Năm 12, 2021",image/jpeg
1286,"Organika Life Unique Vodka Fro",https://www.huyhoangcenter.com/wp-content/uploads/2021/05/Organika-Life-Unique-Vodka-Fro.png,"Tháng Năm 12, 2021",image/png
1285,"Nzero Negroamaro IGT Menhir",https://www.huyhoangcenter.com/wp-content/uploads/2021/05/Nzero-Negroamaro-IGT-Menhir.jpg,"Tháng Năm 12, 2021",image/jpeg
1284,"Notas De Guarda Carmenere-C",https://www.huyhoangcenter.com/wp-content/uploads/2021/05/Notas-De-Guarda-Carmenere-C.jpg,"Tháng Năm 12, 2021",image/jpeg
1283,"NONINO Grappa Riserva 8years",https://www.huyhoangcenter.com/wp-content/uploads/2021/05/NONINO-Grappa-Riserva-8years.jpg,"Tháng Năm 12, 2021",image/jpeg
1282,"Nini Negri Magnum 1,5l",https://www.huyhoangcenter.com/wp-content/uploads/2021/05/Nini-Negri-Magnum-15l.jpg,"Tháng Năm 12, 2021",image/jpeg
1281,"Negroamaro Collezione Privata",https://www.huyhoangcenter.com/wp-content/uploads/2021/05/Negroamaro-Collezione-Privata.png,"Tháng Năm 12, 2021",image/png
1280,"Morellino Carbonie DOCG Poppi",https://www.huyhoangcenter.com/wp-content/uploads/2021/05/Morellino-Carbonie-DOCG-Poppi.jpg,"Tháng Năm 12, 2021",image/jpeg
1279,"Moi Primitivo Puglia",https://www.huyhoangcenter.com/wp-content/uploads/2021/05/Moi-Primitivo-Puglia.png,"Tháng Năm 12, 2021",image/png
1278,"Moet &#038; Chandon Champagne I",https://www.huyhoangcenter.com/wp-content/uploads/2021/05/Moet-Chandon-Champagne-I.jpg,"Tháng Năm 12, 2021",image/jpeg
1277,"Millonario Ron XO Reserva 0,7l",https://www.huyhoangcenter.com/wp-content/uploads/2021/05/Millonario-Ron-XO-Reserva-07l.png,"Tháng Năm 12, 2021",image/png
1276,"Metaxa Grande Fine 0,7L Hand",https://www.huyhoangcenter.com/wp-content/uploads/2021/05/Metaxa-Grande-Fine-07L-Hand-scaled.jpg,"Tháng Năm 12, 2021",image/jpeg
1275,"Menhir Primitivo Manduria DOC",https://www.huyhoangcenter.com/wp-content/uploads/2021/05/Menhir-Primitivo-Manduria-DOC.jpg,"Tháng Năm 12, 2021",image/jpeg
1274,"Martell Cordon Bleu Extra Old C",https://www.huyhoangcenter.com/wp-content/uploads/2021/05/Martell-Cordon-Bleu-Extra-Old-C.jpg,"Tháng Năm 12, 2021",image/jpeg
1273,"Marfi Chardonnay Sauvignon Pu",https://www.huyhoangcenter.com/wp-content/uploads/2021/05/Marfi-Chardonnay-Sauvignon-Pu.png,"Tháng Năm 12, 2021",image/png
1272,"Maranges 1.er Cru Clos des Loy",https://www.huyhoangcenter.com/wp-content/uploads/2021/05/Maranges-1.er-Cru-Clos-des-Loy.jpeg,"Tháng Năm 12, 2021",image/jpeg
1271,"Malvasia Delle Lipari DOC 12,5",https://www.huyhoangcenter.com/wp-content/uploads/2021/05/Malvasia-Delle-Lipari-DOC-125.jpg,"Tháng Năm 12, 2021",image/jpeg
1270,"Lu&#8217;Li Primitivo 1949 IGT 17,5%",https://www.huyhoangcenter.com/wp-content/uploads/2021/05/LuLi-Primitivo-1949-IGT-175.png,"Tháng Năm 12, 2021",image/png
1269,"Louis Jadot Bourgogne Chardon",https://www.huyhoangcenter.com/wp-content/uploads/2021/05/Louis-Jadot-Bourgogne-Chardon.jpg,"Tháng Năm 12, 2021",image/jpeg
1268,"lof syrah",https://www.huyhoangcenter.com/wp-content/uploads/2021/05/lof-syrah.jpg,"Tháng Năm 12, 2021",image/jpeg
1267,"Liker Devils Blood 33,3%vol.",https://www.huyhoangcenter.com/wp-content/uploads/2021/05/Liker-Devils-Blood-333vol..jpg,"Tháng Năm 12, 2021",image/jpeg
1266,"Les Sept Chenes &#8211; Bordeaux 12",https://www.huyhoangcenter.com/wp-content/uploads/2021/05/Les-Sept-Chenes-Bordeaux-12.png,"Tháng Năm 12, 2021",image/png
1265,"La Baume Cabernet Saugignon",https://www.huyhoangcenter.com/wp-content/uploads/2021/05/La-Baume-Cabernet-Saugignon.png,"Tháng Năm 12, 2021",image/png
1264,"Kilos Gold COCONUT VODKA 1L",https://www.huyhoangcenter.com/wp-content/uploads/2021/05/Kilos-Gold-COCONUT-VODKA-1L.jpg,"Tháng Năm 12, 2021",image/jpeg
1263,"Johnnie Walker Blue Label 0,7L",https://www.huyhoangcenter.com/wp-content/uploads/2021/05/Johnnie-Walker-Blue-Label-07L.jpg,"Tháng Năm 12, 2021",image/jpeg
1262,"Johnnie Walker Blue Label &#8211; Ye",https://www.huyhoangcenter.com/wp-content/uploads/2021/05/Johnnie-Walker-Blue-Label-Ye.jpg,"Tháng Năm 12, 2021",image/jpeg
1261,"Johnnie Walker Blue &#8211; YEAR OF",https://www.huyhoangcenter.com/wp-content/uploads/2021/05/Johnnie-Walker-Blue-YEAR-OF.jpg,"Tháng Năm 12, 2021",image/jpeg
1260,"John Walker &#038; Sons Celebrator",https://www.huyhoangcenter.com/wp-content/uploads/2021/05/John-Walker-Sons-Celebrator.jpg,"Tháng Năm 12, 2021",image/jpeg
1259,"John Walker &#038; Son XR 21y.o 75",https://www.huyhoangcenter.com/wp-content/uploads/2021/05/John-Walker-Son-XR-21y.o-75.jpg,"Tháng Năm 12, 2021",image/jpeg
1258,"Jack Daniels Single Barrel 45%",https://www.huyhoangcenter.com/wp-content/uploads/2021/05/Jack-Daniels-Single-Barrel-45.jpg,"Tháng Năm 12, 2021",image/jpeg
1257,"il San Lorenzo Rosso 2004 Fatt",https://www.huyhoangcenter.com/wp-content/uploads/2021/05/il-San-Lorenzo-Rosso-2004-Fatt.png,"Tháng Năm 12, 2021",image/png
1256,"Idea Rosato di Primitivo Puglia",https://www.huyhoangcenter.com/wp-content/uploads/2021/05/Idea-Rosato-di-Primitivo-Puglia.jpg,"Tháng Năm 12, 2021",image/jpeg
1255,"Hibiki Suntory whisky Japanese",https://www.huyhoangcenter.com/wp-content/uploads/2021/05/Hibiki-Suntory-whisky-Japanese.jpg,"Tháng Năm 12, 2021",image/jpeg
1254,"Hibiki Suntory Jap. Harmony Ma",https://www.huyhoangcenter.com/wp-content/uploads/2021/05/Hibiki-Suntory-Jap.-Harmony-Ma.jpg,"Tháng Năm 12, 2021",image/jpeg
1253,"Hennessy James Cognac 40%v",https://www.huyhoangcenter.com/wp-content/uploads/2021/05/Hennessy-James-Cognac-40v.jpg,"Tháng Năm 12, 2021",image/jpeg
1252,"Hakushu S.M Japanese whisky",https://www.huyhoangcenter.com/wp-content/uploads/2021/05/Hakushu-S.M-Japanese-whisky.jpg,"Tháng Năm 12, 2021",image/jpeg
1251,"Gold Bar American Whisky 750",https://www.huyhoangcenter.com/wp-content/uploads/2021/05/Gold-Bar-American-Whisky-750.jpg,"Tháng Năm 12, 2021",image/jpeg
1250,"Godet XO Terre 0,7l 40%vol. C",https://www.huyhoangcenter.com/wp-content/uploads/2021/05/Godet-XO-Terre-07l-40vol.-C.jpg,"Tháng Năm 12, 2021",image/jpeg
1249,"Glenfiddich 18y Single Malt 700",https://www.huyhoangcenter.com/wp-content/uploads/2021/05/Glenfiddich-18y-Single-Malt-700.jpg,"Tháng Năm 12, 2021",image/jpeg
1248,"Gewurztraminer Magnum 1,5l 1",https://www.huyhoangcenter.com/wp-content/uploads/2021/05/Gewurztraminer-Magnum-15l-1.jpg,"Tháng Năm 12, 2021",image/jpeg
1247,"F Negroamaro San Marzano 75",https://www.huyhoangcenter.com/wp-content/uploads/2021/05/F-Negroamaro-San-Marzano-75.jpg,"Tháng Năm 12, 2021",image/jpeg
1246,"Enzo Bianchi Cabernet Sauvign",https://www.huyhoangcenter.com/wp-content/uploads/2021/05/Enzo-Bianchi-Cabernet-Sauvign.png,"Tháng Năm 12, 2021",image/png
1245,"Edizione Cinque Autoctoni Fanti",https://www.huyhoangcenter.com/wp-content/uploads/2021/05/Edizione-Cinque-Autoctoni-Fanti.jpg,"Tháng Năm 12, 2021",image/jpeg
1244,"Dsquared2 Wood EDT 50ml",https://www.huyhoangcenter.com/wp-content/uploads/2021/05/Dsquared2-Wood-EDT-50ml.jpg,"Tháng Năm 12, 2021",image/jpeg
1243,"Dos Maderas LUXUS 0,7L Ron",https://www.huyhoangcenter.com/wp-content/uploads/2021/05/Dos-Maderas-LUXUS-07L-Ron.png,"Tháng Năm 12, 2021",image/png
1242,"doppio passo salento primitivo",https://www.huyhoangcenter.com/wp-content/uploads/2021/05/doppio-passo-salento-primitivo.jpg,"Tháng Năm 12, 2021",image/jpeg
1241,"Czechoslovakia Vodka Annivers",https://www.huyhoangcenter.com/wp-content/uploads/2021/05/Czechoslovakia-Vodka-Annivers.jpg,"Tháng Năm 12, 2021",image/jpeg
1240,"Cuvee 16 Rosso D&#8217;ITALIA Limit",https://www.huyhoangcenter.com/wp-content/uploads/2021/05/Cuvee-16-Rosso-DITALIA-Limit.jpg,"Tháng Năm 12, 2021",image/jpeg
1239,"Crown Royal Monarch 75th. An",https://www.huyhoangcenter.com/wp-content/uploads/2021/05/Crown-Royal-Monarch-75th.-An.jpg,"Tháng Năm 12, 2021",image/jpeg
1238,"Courvoisier XO Cognac 0,7L",https://www.huyhoangcenter.com/wp-content/uploads/2021/05/Courvoisier-XO-Cognac-07L.jpg,"Tháng Năm 12, 2021",image/jpeg
1237,"Cosa Nostra Scotch Whisky 40",https://www.huyhoangcenter.com/wp-content/uploads/2021/05/Cosa-Nostra-Scotch-Whisky-40.jpg,"Tháng Năm 12, 2021",image/jpeg
1236,"Coronation Khukri Rum Nepal 3",https://www.huyhoangcenter.com/wp-content/uploads/2021/05/Coronation-Khukri-Rum-Nepal-3.jpg,"Tháng Năm 12, 2021",image/jpeg
1235,"Cornarea Tarasco Passito deser",https://www.huyhoangcenter.com/wp-content/uploads/2021/05/Cornarea-Tarasco-Passito-deser.png,"Tháng Năm 12, 2021",image/png
1234,corbieres,https://www.huyhoangcenter.com/wp-content/uploads/2021/05/corbieres.jpg,"Tháng Năm 12, 2021",image/jpeg
1233,"Conte Campiano Negroamaro S",https://www.huyhoangcenter.com/wp-content/uploads/2021/05/Conte-Campiano-Negroamaro-S.jpg,"Tháng Năm 12, 2021",image/jpeg
1232,"Colombier Monpelou Chateau-F",https://www.huyhoangcenter.com/wp-content/uploads/2021/05/Colombier-Monpelou-Chateau-F.png,"Tháng Năm 12, 2021",image/png
1231,"chiantie CASTELLO di Fonteruto",https://www.huyhoangcenter.com/wp-content/uploads/2021/05/chiantie-CASTELLO-di-Fonteruto.jpg,"Tháng Năm 12, 2021",image/jpeg
1230,"Castello di Poppiano Chianti Coll",https://www.huyhoangcenter.com/wp-content/uploads/2021/05/Castello-di-Poppiano-Chianti-Coll.png,"Tháng Năm 12, 2021",image/png
1229,Carmignano,https://www.huyhoangcenter.com/wp-content/uploads/2021/05/Carmignano.jpg,"Tháng Năm 12, 2021",image/jpeg
1228,"Cappellano Barolo Chinato D&#8217;Al",https://www.huyhoangcenter.com/wp-content/uploads/2021/05/Cappellano-Barolo-Chinato-DAl.png,"Tháng Năm 12, 2021",image/png
1227,"Camus XO Elegance Cognac 70",https://www.huyhoangcenter.com/wp-content/uploads/2021/05/Camus-XO-Elegance-Cognac-70.jpg,"Tháng Năm 12, 2021",image/jpeg
1226,"Campero Reserva Chardonnay",https://www.huyhoangcenter.com/wp-content/uploads/2021/05/Campero-Reserva-Chardonnay.jpg,"Tháng Năm 12, 2021",image/jpeg
1225,"Calvet Reserve &#8211; Bordeaux",https://www.huyhoangcenter.com/wp-content/uploads/2021/05/Calvet-Reserve-Bordeaux.jpg,"Tháng Năm 12, 2021",image/jpeg
1224,"Calipaso Zinfandel Paso Robles",https://www.huyhoangcenter.com/wp-content/uploads/2021/05/Calipaso-Zinfandel-Paso-Robles.png,"Tháng Năm 12, 2021",image/png
1223,ruou-vang-chile-Santa-Carolina-Gran-Reserva-Cabernet-Sauvignon,https://www.huyhoangcenter.com/wp-content/uploads/2021/05/Cabernet-Sauvignon-Gran-Reser.jpg,"Tháng Năm 12, 2021",image/jpeg
1222,"Ca&#8217; Vittoria Puglia Rosso Appass",https://www.huyhoangcenter.com/wp-content/uploads/2021/05/Ca-Vittoria-Puglia-Rosso-Appass.png,"Tháng Năm 12, 2021",image/png
1221,"BYO Cabernet Franc Merlot-Cot",https://www.huyhoangcenter.com/wp-content/uploads/2021/05/BYO-Cabernet-Franc-Merlot-Cot.jpg,"Tháng Năm 12, 2021",image/jpeg
1220,"Brilla Prosecco DOC",https://www.huyhoangcenter.com/wp-content/uploads/2021/05/Brilla-Prosecco-DOC.jpg,"Tháng Năm 12, 2021",image/jpeg
1219,"Borgo Del Mandorlo Primitivo di",https://www.huyhoangcenter.com/wp-content/uploads/2021/05/Borgo-Del-Mandorlo-Primitivo-di.png,"Tháng Năm 12, 2021",image/png
1218,"bordeaux de citran 2010",https://www.huyhoangcenter.com/wp-content/uploads/2021/05/bordeaux-de-citran-2010.png,"Tháng Năm 12, 2021",image/png
1217,boglia,https://www.huyhoangcenter.com/wp-content/uploads/2021/05/boglia.png,"Tháng Năm 12, 2021",image/png
1216,"Blanc De Noirs-Deidesheim-Ger",https://www.huyhoangcenter.com/wp-content/uploads/2021/05/Blanc-De-Noirs-Deidesheim-Ger.png,"Tháng Năm 12, 2021",image/png
1215,"Barolo Ravera 2010 Magnum 1.",https://www.huyhoangcenter.com/wp-content/uploads/2021/05/Barolo-Ravera-2010-Magnum-1..png,"Tháng Năm 12, 2021",image/png
1214,"Bandol 13%vol.",https://www.huyhoangcenter.com/wp-content/uploads/2021/05/Bandol-13vol..png,"Tháng Năm 12, 2021",image/png
1213,"ALTIMVS Michel Torino 15%vol",https://www.huyhoangcenter.com/wp-content/uploads/2021/05/ALTIMVS-Michel-Torino-15vol.jpg,"Tháng Năm 12, 2021",image/jpeg
1212,"alsace grand cru schoenenbour",https://www.huyhoangcenter.com/wp-content/uploads/2021/05/alsace-grand-cru-schoenenbour.png,"Tháng Năm 12, 2021",image/png
1211,"ALOXE CORTON La Citadelle-Fr",https://www.huyhoangcenter.com/wp-content/uploads/2021/05/ALOXE-CORTON-La-Citadelle-Fr.png,"Tháng Năm 12, 2021",image/png
1210,"A.H.RIISE Non Plus Ultra 42%",https://www.huyhoangcenter.com/wp-content/uploads/2021/05/A.H.RIISE-Non-Plus-Ultra-42.jpg,"Tháng Năm 12, 2021",image/jpeg
1209,"813 Chianti Rufina-Italia",https://www.huyhoangcenter.com/wp-content/uploads/2021/05/813-Chianti-Rufina-Italia.png,"Tháng Năm 12, 2021",image/png
1208,"365 Primitivo di Manduria DOP",https://www.huyhoangcenter.com/wp-content/uploads/2021/05/365-Primitivo-di-Manduria-DOP.png,"Tháng Năm 12, 2021",image/png
1207,"62 Anniversario Riserva Primitiv",https://www.huyhoangcenter.com/wp-content/uploads/2021/05/62-Anniversario-Riserva-Primitiv.jpg,"Tháng Năm 12, 2021",image/jpeg
1206,"Tequilla CASINO JAGUAR 1,75l",https://www.huyhoangcenter.com/wp-content/uploads/2021/05/Tequilla-CASINO-JAGUAR-175l.jpg,"Tháng Năm 12, 2021",image/jpeg
1205,"Vernus Syrah-Chile",https://www.huyhoangcenter.com/wp-content/uploads/2021/05/Vernus-Syrah-Chile.jpg,"Tháng Năm 12, 2021",image/jpeg
1204,"Vodka Finlandia 1L 40%vol.",https://www.huyhoangcenter.com/wp-content/uploads/2021/05/Vodka-Finlandia-1L-40vol..png,"Tháng Năm 12, 2021",image/png
1201,"Wild Tiger Rum India 0,7l",https://www.huyhoangcenter.com/wp-content/uploads/2021/05/Wild-Tiger-Rum-India-07l.jpg,"Tháng Năm 12, 2021",image/jpeg
1200,"Whisky Suntory Umeshu Yamaz",https://www.huyhoangcenter.com/wp-content/uploads/2021/05/Whisky-Suntory-Umeshu-Yamaz-scaled.jpg,"Tháng Năm 12, 2021",image/jpeg
1199,"Whisky Macallan TERRA Single",https://www.huyhoangcenter.com/wp-content/uploads/2021/05/Whisky-Macallan-TERRA-Single.jpg,"Tháng Năm 12, 2021",image/jpeg
1198,"Whisky Macallan Edition No.4 4",https://www.huyhoangcenter.com/wp-content/uploads/2021/05/Whisky-Macallan-Edition-No.4-4.jpg,"Tháng Năm 12, 2021",image/jpeg
1197,"Whisky Macallan Edition N.6 H.",https://www.huyhoangcenter.com/wp-content/uploads/2021/05/Whisky-Macallan-Edition-N.6-H..jpg,"Tháng Năm 12, 2021",image/jpeg
1196,"Whisky Macallan Concept numb",https://www.huyhoangcenter.com/wp-content/uploads/2021/05/Whisky-Macallan-Concept-numb.jpg,"Tháng Năm 12, 2021",image/jpeg
1195,"Whisky Macallan 17y H.S.M Fin",https://www.huyhoangcenter.com/wp-content/uploads/2021/05/Whisky-Macallan-17y-H.S.M-Fin.jpg,"Tháng Năm 12, 2021",image/jpeg
1194,"Whisky Lion Head 40%vol. 750",https://www.huyhoangcenter.com/wp-content/uploads/2021/05/Whisky-Lion-Head-40vol.-750.jpg,"Tháng Năm 12, 2021",image/jpeg
1193,"Whisky LION HEAD 1L 40%vol",https://www.huyhoangcenter.com/wp-content/uploads/2021/05/Whisky-LION-HEAD-1L-40vol.png,"Tháng Năm 12, 2021",image/png
1192,"Whisky Johnnie Walker BLUE La",https://www.huyhoangcenter.com/wp-content/uploads/2021/05/Whisky-Johnnie-Walker-BLUE-La.jpg,"Tháng Năm 12, 2021",image/jpeg
1191,"Whisky Chivas Regal 12y 0,7l",https://www.huyhoangcenter.com/wp-content/uploads/2021/05/Whisky-Chivas-Regal-12y-07l.jpg,"Tháng Năm 12, 2021",image/jpeg
1190,"Whisky American Barrels 45%v",https://www.huyhoangcenter.com/wp-content/uploads/2021/05/Whisky-American-Barrels-45v.jpg,"Tháng Năm 12, 2021",image/jpeg
1189,"Jack Daniels no.7 whiskey 70cl",https://www.huyhoangcenter.com/wp-content/uploads/2021/05/Jack-Daniels-no.7-whiskey-70cl.jpg,"Tháng Năm 12, 2021",image/jpeg
1188,"Vodka Van Gogh 0,7l Holland",https://www.huyhoangcenter.com/wp-content/uploads/2021/05/Vodka-Van-Gogh-07l-Holland.jpg,"Tháng Năm 12, 2021",image/jpeg
1187,"Vodka Superior Royal Dragon 1,",https://www.huyhoangcenter.com/wp-content/uploads/2021/05/Vodka-Superior-Royal-Dragon-1.jpg,"Tháng Năm 12, 2021",image/jpeg
1186,"Vodka Smirnoff Gold Apple 1L",https://www.huyhoangcenter.com/wp-content/uploads/2021/05/Vodka-Smirnoff-Gold-Apple-1L.jpg,"Tháng Năm 12, 2021",image/jpeg
1185,"Vodka Sativa Cannabis 0,7L",https://www.huyhoangcenter.com/wp-content/uploads/2021/05/Vodka-Sativa-Cannabis-07L.jpg,"Tháng Năm 12, 2021",image/jpeg
1184,"Vodka Roberto Cavalli 40%vol.",https://www.huyhoangcenter.com/wp-content/uploads/2021/05/Vodka-Roberto-Cavalli-40vol..jpg,"Tháng Năm 12, 2021",image/jpeg
1183,"Vodka Precious Jewel Lines &#8211; N",https://www.huyhoangcenter.com/wp-content/uploads/2021/05/Vodka-Precious-Jewel-Lines-N.jpg,"Tháng Năm 12, 2021",image/jpeg
1182,"Vodka Makarov 0,1l",https://www.huyhoangcenter.com/wp-content/uploads/2021/05/Vodka-Makarov-01l.jpg,"Tháng Năm 12, 2021",image/jpeg
1181,"Vodka Kilos Gold 999,9 1L",https://www.huyhoangcenter.com/wp-content/uploads/2021/05/Vodka-Kilos-Gold-9999-1L.jpg,"Tháng Năm 12, 2021",image/jpeg
1180,"Vodka Imperial Collection Faber",https://www.huyhoangcenter.com/wp-content/uploads/2021/05/Vodka-Imperial-Collection-Faber.jpg,"Tháng Năm 12, 2021",image/jpeg
1179,"Vodka Imperia Crystal Quartz Fi",https://www.huyhoangcenter.com/wp-content/uploads/2021/05/Vodka-Imperia-Crystal-Quartz-Fi.jpg,"Tháng Năm 12, 2021",image/jpeg
1178,"Vodka Haku Suntory 1L 40%vol",https://www.huyhoangcenter.com/wp-content/uploads/2021/05/Vodka-Haku-Suntory-1L-40vol-scaled.jpg,"Tháng Năm 12, 2021",image/jpeg
1177,"Vodka Grey Goose VX 0,7L 40",https://www.huyhoangcenter.com/wp-content/uploads/2021/05/Vodka-Grey-Goose-VX-07L-40.jpg,"Tháng Năm 12, 2021",image/jpeg
1176,"Vodka Grey Goose 50ml",https://www.huyhoangcenter.com/wp-content/uploads/2021/05/Vodka-Grey-Goose-50ml.jpg,"Tháng Năm 12, 2021",image/jpeg
1175,"Vodka Grey Goose 1L 40%vol.",https://www.huyhoangcenter.com/wp-content/uploads/2021/05/Vodka-Grey-Goose-1L-40vol..jpg,"Tháng Năm 12, 2021",image/jpeg
1174,"Vodka Grey Goose 1,5l 40%vol.",https://www.huyhoangcenter.com/wp-content/uploads/2021/05/Vodka-Grey-Goose-15l-40vol..jpg,"Tháng Năm 12, 2021",image/jpeg
1173,"Vodka Faberge Imperial Collecti",https://www.huyhoangcenter.com/wp-content/uploads/2021/05/Vodka-Faberge-Imperial-Collecti.jpg,"Tháng Năm 12, 2021",image/jpeg
1172,"Vodka DQ 1L Sweden",https://www.huyhoangcenter.com/wp-content/uploads/2021/05/Vodka-DQ-1L-Sweden.jpg,"Tháng Năm 12, 2021",image/jpeg
1171,"Vodka Dollar special Status Plati",https://www.huyhoangcenter.com/wp-content/uploads/2021/05/Vodka-Dollar-special-Status-Plati.jpg,"Tháng Năm 12, 2021",image/jpeg
1170,"Vodka Belvedere 0,7l 40%vol.",https://www.huyhoangcenter.com/wp-content/uploads/2021/05/Vodka-Belvedere-07l-40vol..png,"Tháng Năm 12, 2021",image/png
1169,"Vodka Beluga Transatlantic Raci",https://www.huyhoangcenter.com/wp-content/uploads/2021/05/Vodka-Beluga-Transatlantic-Raci.jpg,"Tháng Năm 12, 2021",image/jpeg
1168,"Vodka Beluga Noble Export 0,7",https://www.huyhoangcenter.com/wp-content/uploads/2021/05/Vodka-Beluga-Noble-Export-07.jpg,"Tháng Năm 12, 2021",image/jpeg
1167,"Vodka Beluga Noble 50ml",https://www.huyhoangcenter.com/wp-content/uploads/2021/05/Vodka-Beluga-Noble-50ml.jpg,"Tháng Năm 12, 2021",image/jpeg
1166,"Vodka Beluga Noble 1,5L 40%v",https://www.huyhoangcenter.com/wp-content/uploads/2021/05/Vodka-Beluga-Noble-15L-40v.jpg,"Tháng Năm 12, 2021",image/jpeg
1165,"Vodka Beluga Gold Line 0,7L Hộ",https://www.huyhoangcenter.com/wp-content/uploads/2021/05/Vodka-Beluga-Gold-Line-07L-Ho.jpg,"Tháng Năm 12, 2021",image/jpeg
1164,"Roberto Cavalli Vodka 1l Gold",https://www.huyhoangcenter.com/wp-content/uploads/2021/05/Roberto-Cavalli-Vodka-1l-Gold.jpg,"Tháng Năm 12, 2021",image/jpeg
1163,"Roberto Cavalli Night 1L Vodka",https://www.huyhoangcenter.com/wp-content/uploads/2021/05/Roberto-Cavalli-Night-1L-Vodka.jpg,"Tháng Năm 12, 2021",image/jpeg
1162,"Vino Liquoroso Montebonello-It",https://www.huyhoangcenter.com/wp-content/uploads/2021/05/Vino-Liquoroso-Montebonello-It.jpg,"Tháng Năm 12, 2021",image/jpeg
1161,"Vino Copertino Riserva Borgo D",https://www.huyhoangcenter.com/wp-content/uploads/2021/05/Vino-Copertino-Riserva-Borgo-D.jpg,"Tháng Năm 12, 2021",image/jpeg
1160,"Villa Riesling Trocken Hoechdoe",https://www.huyhoangcenter.com/wp-content/uploads/2021/05/Villa-Riesling-Trocken-Hoechdoe.jpg,"Tháng Năm 12, 2021",image/jpeg
1159,"Villa Hochdoerffer Riesling Troc",https://www.huyhoangcenter.com/wp-content/uploads/2021/05/Villa-Hochdoerffer-Riesling-Troc.jpg,"Tháng Năm 12, 2021",image/jpeg
1158,"Vignerons Catalans",https://www.huyhoangcenter.com/wp-content/uploads/2021/05/Vignerons-Catalans.png,"Tháng Năm 12, 2021",image/png
1157,"Vigna Macereto Chianti Rufina-I",https://www.huyhoangcenter.com/wp-content/uploads/2021/05/Vigna-Macereto-Chianti-Rufina-I.jpg,"Tháng Năm 12, 2021",image/jpeg
1156,"Vernus Pinot Noir-Chile",https://www.huyhoangcenter.com/wp-content/uploads/2021/05/Vernus-Pinot-Noir-Chile.png,"Tháng Năm 12, 2021",image/png
1155,"Vernus Malbec-Chile",https://www.huyhoangcenter.com/wp-content/uploads/2021/05/Vernus-Malbec-Chile.jpg,"Tháng Năm 12, 2021",image/jpeg
1154,"Vernus Cabernet Sauvignon-Chi",https://www.huyhoangcenter.com/wp-content/uploads/2021/05/Vernus-Cabernet-Sauvignon-Chi.jpg,"Tháng Năm 12, 2021",image/jpeg
1153,"Vernus Blend-Chile",https://www.huyhoangcenter.com/wp-content/uploads/2021/05/Vernus-Blend-Chile.jpg,"Tháng Năm 12, 2021",image/jpeg
1152,"Tinazzi Valpolicella 3l Douple M",https://www.huyhoangcenter.com/wp-content/uploads/2021/05/Tinazzi-Valpolicella-3l-Douple-M.png,"Tháng Năm 12, 2021",image/png
1151,"Tinazzi Rosso Salvego IGP Vero",https://www.huyhoangcenter.com/wp-content/uploads/2021/05/Tinazzi-Rosso-Salvego-IGP-Vero.jpg,"Tháng Năm 12, 2021",image/jpeg
1150,"Tinazzi Rosso Puglia Torreserro",https://www.huyhoangcenter.com/wp-content/uploads/2021/05/Tinazzi-Rosso-Puglia-Torreserro.jpg,"Tháng Năm 12, 2021",image/jpeg
1149,"Tinazzi Prosecco Ca ViTi Brut",https://www.huyhoangcenter.com/wp-content/uploads/2021/05/Tinazzi-Prosecco-Ca-ViTi-Brut-scaled.jpg,"Tháng Năm 12, 2021",image/jpeg
1148,"Tinazzi Primitivo Manduria Impe",https://www.huyhoangcenter.com/wp-content/uploads/2021/05/Tinazzi-Primitivo-Manduria-Impe.jpg,"Tháng Năm 12, 2021",image/jpeg
1147,"Tinazzi Pinot Grigio IGP ARNASI",https://www.huyhoangcenter.com/wp-content/uploads/2021/05/Tinazzi-Pinot-Grigio-IGP-ARNASI.png,"Tháng Năm 12, 2021",image/png
1146,"Tinazzi Montere Valpolicella 0,7",https://www.huyhoangcenter.com/wp-content/uploads/2021/05/Tinazzi-Montere-Valpolicella-07.png,"Tháng Năm 12, 2021",image/png
1145,"Tinazzi G77 Valpolicella Ripasso",https://www.huyhoangcenter.com/wp-content/uploads/2021/05/Tinazzi-G77-Valpolicella-Ripasso.jpg,"Tháng Năm 12, 2021",image/jpeg
1144,"Tinazzi F79 Primitivo di Manduri",https://www.huyhoangcenter.com/wp-content/uploads/2021/05/Tinazzi-F79-Primitivo-di-Manduri.jpg,"Tháng Năm 12, 2021",image/jpeg
1143,"Tinazzi Dugal Ca de Rocchi 0,7",https://www.huyhoangcenter.com/wp-content/uploads/2021/05/Tinazzi-Dugal-Ca-de-Rocchi-07.png,"Tháng Năm 12, 2021",image/png
1142,"SCHEDE SCARANI PER PDF2014:Layout 1",https://www.huyhoangcenter.com/wp-content/uploads/2021/05/Tinazzi-Corvina-Verona-IGP.jpg,"Tháng Năm 12, 2021",image/jpeg
1141,"Tinazzi A50 Amarone Della Valp",https://www.huyhoangcenter.com/wp-content/uploads/2021/05/Tinazzi-A50-Amarone-Della-Valp.png,"Tháng Năm 12, 2021",image/png
1140,"The Macallan OSCURO 0,7L Hig",https://www.huyhoangcenter.com/wp-content/uploads/2021/05/The-Macallan-OSCURO-07L-Hig.png,"Tháng Năm 12, 2021",image/png
1139,"The Macallan 12yo Fine Oak W",https://www.huyhoangcenter.com/wp-content/uploads/2021/05/The-Macallan-12yo-Fine-Oak-W.jpg,"Tháng Năm 12, 2021",image/jpeg
1138,"The Macallan 12y DC H.S.Malt",https://www.huyhoangcenter.com/wp-content/uploads/2021/05/The-Macallan-12y-DC-H.S.Malt_.jpg,"Tháng Năm 12, 2021",image/jpeg
1137,"Tequila Casino Azul Anejo SHIP",https://www.huyhoangcenter.com/wp-content/uploads/2021/05/Tequila-Casino-Azul-Anejo-SHIP.jpg,"Tháng Năm 12, 2021",image/jpeg
1136,"Teillery Syrah-Chile",https://www.huyhoangcenter.com/wp-content/uploads/2021/05/Teillery-Syrah-Chile.jpg,"Tháng Năm 12, 2021",image/jpeg
1135,"Teillery Carmenere-Chile",https://www.huyhoangcenter.com/wp-content/uploads/2021/05/Teillery-Carmenere-Chile.png,"Tháng Năm 12, 2021",image/png
1134,"Teillery Cabernet Saugvinon-Chi",https://www.huyhoangcenter.com/wp-content/uploads/2021/05/Teillery-Cabernet-Saugvinon-Chi.png,"Tháng Năm 12, 2021",image/png
1133,"Teillery Cabernet Saugvinon Gr",https://www.huyhoangcenter.com/wp-content/uploads/2021/05/Teillery-Cabernet-Saugvinon-Gr.png,"Tháng Năm 12, 2021",image/png
1132,"Teillery Assemblage-Chile",https://www.huyhoangcenter.com/wp-content/uploads/2021/05/Teillery-Assemblage-Chile.png,"Tháng Năm 12, 2021",image/png
1131,"Tarapaca-Cabernet Sauvignon-",https://www.huyhoangcenter.com/wp-content/uploads/2021/05/Tarapaca-Cabernet-Sauvignon-.jpg,"Tháng Năm 12, 2021",image/jpeg
1130,"Tarapaca Special Edition 140.A",https://www.huyhoangcenter.com/wp-content/uploads/2021/05/Tarapaca-Special-Edition-140.A.jpg,"Tháng Năm 12, 2021",image/jpeg
1129,"Tarapaca Gran Reserva Chardo",https://www.huyhoangcenter.com/wp-content/uploads/2021/05/Tarapaca-Gran-Reserva-Chardo.jpg,"Tháng Năm 12, 2021",image/jpeg
1128,"tarapaca gran reserva aniversar",https://www.huyhoangcenter.com/wp-content/uploads/2021/05/tarapaca-gran-reserva-aniversar.jpg,"Tháng Năm 12, 2021",image/jpeg
1127,"Syrah-Toscana 750ml 14,5%vol",https://www.huyhoangcenter.com/wp-content/uploads/2021/05/Syrah-Toscana-750ml-145vol.jpg,"Tháng Năm 12, 2021",image/jpeg
1126,"syrah vina tarapaca",https://www.huyhoangcenter.com/wp-content/uploads/2021/05/syrah-vina-tarapaca.jpg,"Tháng Năm 12, 2021",image/jpeg
1125,"Soave Terre Lunghe DOC Vicen",https://www.huyhoangcenter.com/wp-content/uploads/2021/05/Soave-Terre-Lunghe-DOC-Vicen.png,"Tháng Năm 12, 2021",image/png
1124,"Soave Superiore Casele DOCG",https://www.huyhoangcenter.com/wp-content/uploads/2021/05/Soave-Superiore-Casele-DOCG.jpg,"Tháng Năm 12, 2021",image/jpeg
1123,"Rum Nation Guatemala XO 20t",https://www.huyhoangcenter.com/wp-content/uploads/2021/05/Rum-Nation-Guatemala-XO-20t.jpg,"Tháng Năm 12, 2021",image/jpeg
1122,"Rum Nation 21y Panama 40%v",https://www.huyhoangcenter.com/wp-content/uploads/2021/05/Rum-Nation-21y-Panama-40v.jpg,"Tháng Năm 12, 2021",image/jpeg
1121,"Rum Kirk Sweeney 18y Reserva",https://www.huyhoangcenter.com/wp-content/uploads/2021/05/Rum-Kirk-Sweeney-18y-Reserva.jpg,"Tháng Năm 12, 2021",image/jpeg
1120,"Rum Brugal 1888 70cl 40%vol.",https://www.huyhoangcenter.com/wp-content/uploads/2021/05/Rum-Brugal-1888-70cl-40vol..jpg,"Tháng Năm 12, 2021",image/jpeg
1119,"Ron Zacapa Edicion Negra 0,7L",https://www.huyhoangcenter.com/wp-content/uploads/2021/05/Ron-Zacapa-Edicion-Negra-07L.png,"Tháng Năm 12, 2021",image/png
1118,"Ron Zacapa Centenario ROYAL",https://www.huyhoangcenter.com/wp-content/uploads/2021/05/Ron-Zacapa-Centenario-ROYAL.jpg,"Tháng Năm 12, 2021",image/jpeg
1117,"Ron Zacapa Centenario 23Y.O 0",https://www.huyhoangcenter.com/wp-content/uploads/2021/05/Ron-Zacapa-Centenario-23Y.O-0.jpg,"Tháng Năm 12, 2021",image/jpeg
1116,"Ron Reserva 22 Anejo Mexico 7",https://www.huyhoangcenter.com/wp-content/uploads/2021/05/Ron-Reserva-22-Anejo-Mexico-7.jpg,"Tháng Năm 12, 2021",image/jpeg
1115,"Ron Puntacana XOX 50annivers",https://www.huyhoangcenter.com/wp-content/uploads/2021/05/Ron-Puntacana-XOX-50annivers.jpg,"Tháng Năm 12, 2021",image/jpeg
1114,"RON Centenario REAL Select Ca",https://www.huyhoangcenter.com/wp-content/uploads/2021/05/RON-Centenario-REAL-Select-Ca.jpg,"Tháng Năm 12, 2021",image/jpeg
1113,"Ron Botran 75th Anniversary 0,",https://www.huyhoangcenter.com/wp-content/uploads/2021/05/Ron-Botran-75th-Anniversary-0.jpg,"Tháng Năm 12, 2021",image/jpeg
1112,"Ron Barcelo 30 Aniversario IPB",https://www.huyhoangcenter.com/wp-content/uploads/2021/05/Ron-Barcelo-30-Aniversario-IPB.jpg,"Tháng Năm 12, 2021",image/jpeg
1111,"Ron Baoruco 21y Reserva 40%",https://www.huyhoangcenter.com/wp-content/uploads/2021/05/Ron-Baoruco-21y-Reserva-40.jpg,"Tháng Năm 12, 2021",image/jpeg
1110,"Riesling Spatlese-Bílé Germany",https://www.huyhoangcenter.com/wp-content/uploads/2021/05/Riesling-Spatlese-Bile-Germany.jpg,"Tháng Năm 12, 2021",image/jpeg
1109,"Riesling Spatlese Feinherb-Deid",https://www.huyhoangcenter.com/wp-content/uploads/2021/05/Riesling-Spatlese-Feinherb-Deid.jpg,"Tháng Năm 12, 2021",image/jpeg
1108,"Riesling reserve dr.ZenZen",https://www.huyhoangcenter.com/wp-content/uploads/2021/05/Riesling-reserve-dr.ZenZen.jpg,"Tháng Năm 12, 2021",image/jpeg
1107,"Riesling Mosel",https://www.huyhoangcenter.com/wp-content/uploads/2021/05/Riesling-Mosel.png,"Tháng Năm 12, 2021",image/png
1106,"Riesling Les Terres du Roi &#8211; Cav",https://www.huyhoangcenter.com/wp-content/uploads/2021/05/Riesling-Les-Terres-du-Roi-Cav.jpg,"Tháng Năm 12, 2021",image/jpeg
1105,"Riesling Kabinett-Bílé Germany",https://www.huyhoangcenter.com/wp-content/uploads/2021/05/Riesling-Kabinett-Bile-Germany.jpg,"Tháng Năm 12, 2021",image/jpeg
1104,"Raus Zweigeltrebe Klaret Polosl",https://www.huyhoangcenter.com/wp-content/uploads/2021/05/Raus-Zweigeltrebe-Klaret-Polosl.jpg,"Tháng Năm 12, 2021",image/jpeg
1103,"Raus Rulandske Sede PS Polosl",https://www.huyhoangcenter.com/wp-content/uploads/2021/05/Raus-Rulandske-Sede-PS-Polosl.jpg,"Tháng Năm 12, 2021",image/jpeg
1102,"Raus Neuburske Polosladke",https://www.huyhoangcenter.com/wp-content/uploads/2021/05/Raus-Neuburske-Polosladke.jpg,"Tháng Năm 12, 2021",image/jpeg
1101,"Quota 29 3l Menhil Salento",https://www.huyhoangcenter.com/wp-content/uploads/2021/05/Quota-29-3l-Menhil-Salento.jpg,"Tháng Năm 12, 2021",image/jpeg
1100,"Quota 29 1,5L Menhir Salento",https://www.huyhoangcenter.com/wp-content/uploads/2021/05/Quota-29-15L-Menhir-Salento.jpg,"Tháng Năm 12, 2021",image/jpeg
1099,"quota 29 0.75 ml",https://www.huyhoangcenter.com/wp-content/uploads/2021/05/quota-29-0.75-ml.jpg,"Tháng Năm 12, 2021",image/jpeg
1098,"Prosecco Valdobbiadene Dry D",https://www.huyhoangcenter.com/wp-content/uploads/2021/05/Prosecco-Valdobbiadene-Dry-D-scaled.jpg,"Tháng Năm 12, 2021",image/jpeg
1097,"Prosecco Bottega Gold Brut 750",https://www.huyhoangcenter.com/wp-content/uploads/2021/05/Prosecco-Bottega-Gold-Brut-750.jpg,"Tháng Năm 12, 2021",image/jpeg
1096,"Primitivo Puglia 1954 IGP Canti",https://www.huyhoangcenter.com/wp-content/uploads/2021/05/Primitivo-Puglia-1954-IGP-Canti.jpg,"Tháng Năm 12, 2021",image/jpeg
1095,"Primitivo di Manduria Riserva D",https://www.huyhoangcenter.com/wp-content/uploads/2021/05/Primitivo-di-Manduria-Riserva-D.jpg,"Tháng Năm 12, 2021",image/jpeg
1094,"Privata Primitivo di Manduria",https://www.huyhoangcenter.com/wp-content/uploads/2021/05/Primitivo-Di-Manduria-Cosimo-V.jpg,"Tháng Năm 12, 2021",image/jpeg
1093,"Passonero-Chianti Classico",https://www.huyhoangcenter.com/wp-content/uploads/2021/05/Passonero-Chianti-Classico.png,"Tháng Năm 12, 2021",image/png
1092,"Passione Primitivo Salento IGP",https://www.huyhoangcenter.com/wp-content/uploads/2021/05/Passione-Primitivo-Salento-IGP.jpg,"Tháng Năm 12, 2021",image/jpeg
1091,"papale primitivo magnum 3l",https://www.huyhoangcenter.com/wp-content/uploads/2021/05/papale-primitivo-magnum-3l.jpg,"Tháng Năm 12, 2021",image/jpeg
1090,"Papale Primitivo di Manduria D",https://www.huyhoangcenter.com/wp-content/uploads/2021/05/Papale-Primitivo-di-Manduria-D.png,"Tháng Năm 12, 2021",image/png
1089,"Papale Linea Oro DOP Primitivo",https://www.huyhoangcenter.com/wp-content/uploads/2021/05/Papale-Linea-Oro-DOP-Primitivo.png,"Tháng Năm 12, 2021",image/png
1088,"Papale DOP Primitivo di Mandur",https://www.huyhoangcenter.com/wp-content/uploads/2021/05/Papale-DOP-Primitivo-di-Mandur.png,"Tháng Năm 12, 2021",image/png
1087,"Papale DOP Primitivo di Mandru",https://www.huyhoangcenter.com/wp-content/uploads/2021/05/Papale-DOP-Primitivo-di-Mandru.jpg,"Tháng Năm 12, 2021",image/jpeg
1086,"Nardelli 1961 Primitivo Puglia I",https://www.huyhoangcenter.com/wp-content/uploads/2021/05/Nardelli-1961-Primitivo-Puglia-I.jpg,"Tháng Năm 12, 2021",image/jpeg
1085,"Nardelli 1961 Nero di Tria Pugli",https://www.huyhoangcenter.com/wp-content/uploads/2021/05/Nardelli-1961-Nero-di-Tria-Pugli.jpg,"Tháng Năm 12, 2021",image/jpeg
1082,"Mortlach Special Strength S.M.",https://www.huyhoangcenter.com/wp-content/uploads/2021/05/Mortlach-Special-Strength-S.M..jpg,"Tháng Năm 12, 2021",image/jpeg
1081,"Mortlach Rare Old &#8216;2.81&#8217;dist. S.",https://www.huyhoangcenter.com/wp-content/uploads/2021/05/Mortlach-Rare-Old-2.81dist.-S..jpg,"Tháng Năm 12, 2021",image/jpeg
1080,"Mortlach 20y &#8216;2.81&#8217; S.M Scotch",https://www.huyhoangcenter.com/wp-content/uploads/2021/05/Mortlach-20y-2.81-S.M-Scotch.jpg,"Tháng Năm 12, 2021",image/jpeg
1079,"Mortlach 14y. &#8216;2,81&#8217;dist. S.M Sc",https://www.huyhoangcenter.com/wp-content/uploads/2021/05/Mortlach-14y.-281dist.-S.M-Sc.jpg,"Tháng Năm 12, 2021",image/jpeg
1078,"Mortlach 12y &#8216;2.81&#8217;dist. S.M Sco",https://www.huyhoangcenter.com/wp-content/uploads/2021/05/Mortlach-12y-2.81dist.-S.M-Sco.jpg,"Tháng Năm 12, 2021",image/jpeg
1077,"Meukow VSOP Cognac 3L 40%",https://www.huyhoangcenter.com/wp-content/uploads/2021/05/Meukow-VSOP-Cognac-3L-40.jpg,"Tháng Năm 12, 2021",image/jpeg
1076,"Meukow VS Cognac Black 1L",https://www.huyhoangcenter.com/wp-content/uploads/2021/05/Meukow-VS-Cognac-Black-1L.jpg,"Tháng Năm 12, 2021",image/jpeg
1075,"Meukow Proof 90 Black Cognac",https://www.huyhoangcenter.com/wp-content/uploads/2021/05/Meukow-Proof-90-Black-Cognac.jpg,"Tháng Năm 12, 2021",image/jpeg
1074,"Meukow ICONE Cognac 40%vol",https://www.huyhoangcenter.com/wp-content/uploads/2021/05/Meukow-ICONE-Cognac-40vol.jpg,"Tháng Năm 12, 2021",image/jpeg
1073,"Meukow Cognac VSOP 5ml",https://www.huyhoangcenter.com/wp-content/uploads/2021/05/Meukow-Cognac-VSOP-5ml.png,"Tháng Năm 12, 2021",image/png
1072,"Meukow Cognac VS Black 0,7l",https://www.huyhoangcenter.com/wp-content/uploads/2021/05/Meukow-Cognac-VS-Black-07l.jpg,"Tháng Năm 12, 2021",image/jpeg
1071,"Meukow Cognac VS 5ml",https://www.huyhoangcenter.com/wp-content/uploads/2021/05/Meukow-Cognac-VS-5ml.jpg,"Tháng Năm 12, 2021",image/jpeg
1070,"Cognac Meukow XO 1750ml",https://www.huyhoangcenter.com/wp-content/uploads/2021/05/Cognac-Meukow-XO-1750ml.jpg,"Tháng Năm 12, 2021",image/jpeg
1069,"Cognac Meukow VSOP 0,7L 40",https://www.huyhoangcenter.com/wp-content/uploads/2021/05/Cognac-Meukow-VSOP-07L-40.jpg,"Tháng Năm 12, 2021",image/jpeg
1068,"Cognac Meukow VS 1,75L 40%",https://www.huyhoangcenter.com/wp-content/uploads/2021/05/Cognac-Meukow-VS-175L-40.jpg,"Tháng Năm 12, 2021",image/jpeg
1067,"Cognac Meukow 1862 Espirit d",https://www.huyhoangcenter.com/wp-content/uploads/2021/05/Cognac-Meukow-1862-Espirit-d.jpg,"Tháng Năm 12, 2021",image/jpeg
1066,"Cognac Meukow 5 Stars 40%vo",https://www.huyhoangcenter.com/wp-content/uploads/2021/05/Cognac-Meukow-5-Stars-40vo.jpg,"Tháng Năm 12, 2021",image/jpeg
1065,"Mettler family zinfandel 2013",https://www.huyhoangcenter.com/wp-content/uploads/2021/05/Mettler-family-zinfandel-2013.png,"Tháng Năm 12, 2021",image/png
1064,"Mettler Cabernet Sauvignon 15.",https://www.huyhoangcenter.com/wp-content/uploads/2021/05/Mettler-Cabernet-Sauvignon-15..jpg,"Tháng Năm 12, 2021",image/jpeg
1063,"Macallan whisky 15y.o Triple Ca",https://www.huyhoangcenter.com/wp-content/uploads/2021/05/Macallan-whisky-15y.o-Triple-Ca.jpg,"Tháng Năm 12, 2021",image/jpeg
1062,"Macallan Lumina Single Malt 41",https://www.huyhoangcenter.com/wp-content/uploads/2021/05/Macallan-Lumina-Single-Malt-41.jpg,"Tháng Năm 12, 2021",image/jpeg
1061,"Macallan Gold Double Cask Whi",https://www.huyhoangcenter.com/wp-content/uploads/2021/05/Macallan-Gold-Double-Cask-Whi.jpg,"Tháng Năm 12, 2021",image/jpeg
1060,"Macallan edition No.5 Single Ma",https://www.huyhoangcenter.com/wp-content/uploads/2021/05/Macallan-edition-No.5-Single-Ma.jpg,"Tháng Năm 12, 2021",image/jpeg
1059,"Macallan Edition No.3 Highland",https://www.huyhoangcenter.com/wp-content/uploads/2021/05/Macallan-Edition-No.3-Highland.jpg,"Tháng Năm 12, 2021",image/jpeg
1058,"Macallan Classic Cut Highland S",https://www.huyhoangcenter.com/wp-content/uploads/2021/05/Macallan-Classic-Cut-Highland-S.jpg,"Tháng Năm 12, 2021",image/jpeg
1057,"LFE Gran Reserva CARMENERE",https://www.huyhoangcenter.com/wp-content/uploads/2021/05/LFE-Gran-Reserva-CARMENERE.jpg,"Tháng Năm 12, 2021",image/jpeg
1056,"LFE Gran Reserva Cabernet Sau",https://www.huyhoangcenter.com/wp-content/uploads/2021/05/LFE-Gran-Reserva-Cabernet-Sau.png,"Tháng Năm 12, 2021",image/png
1055,"LFE Gran Res. Merlot 13,5%vol",https://www.huyhoangcenter.com/wp-content/uploads/2021/05/LFE-Gran-Res.-Merlot-135vol.jpg,"Tháng Năm 12, 2021",image/jpeg
1054,"LFE Dona Bernarda-Chile",https://www.huyhoangcenter.com/wp-content/uploads/2021/05/LFE-Dona-Bernarda-Chile.jpg,"Tháng Năm 12, 2021",image/jpeg
1053,"Le Bertole Prosecco Valdobbiad",https://www.huyhoangcenter.com/wp-content/uploads/2021/05/Le-Bertole-Prosecco-Valdobbiad.jpg,"Tháng Năm 12, 2021",image/jpeg
1052,"Le Bertole Collinaris Valdobbiad",https://www.huyhoangcenter.com/wp-content/uploads/2021/05/Le-Bertole-Collinaris-Valdobbiad.png,"Tháng Năm 12, 2021",image/png
1051,"Lander Jenkins chardonay califo",https://www.huyhoangcenter.com/wp-content/uploads/2021/05/Lander-Jenkins-chardonay-califo.png,"Tháng Năm 12, 2021",image/png
1050,"Lander Jenkins cabernet sauvig",https://www.huyhoangcenter.com/wp-content/uploads/2021/05/Lander-Jenkins-cabernet-sauvig.png,"Tháng Năm 12, 2021",image/png
1049,"Grant&#8217;s 25Y. Blended Scoth Whi",https://www.huyhoangcenter.com/wp-content/uploads/2021/05/Grants-25Y.-Blended-Scoth-Whi.png,"Tháng Năm 12, 2021",image/png
1048,"Grand Bateau Bordeaux",https://www.huyhoangcenter.com/wp-content/uploads/2021/05/Grand-Bateau-Bordeaux.png,"Tháng Năm 12, 2021",image/png
1047,"Gran Reserva Syrah-Chile",https://www.huyhoangcenter.com/wp-content/uploads/2021/05/Gran-Reserva-Syrah-Chile.jpg,"Tháng Năm 12, 2021",image/jpeg
1046,"Gran Reserva Merlot",https://www.huyhoangcenter.com/wp-content/uploads/2021/05/Gran-Reserva-Merlot.jpg,"Tháng Năm 12, 2021",image/jpeg
1045,"Gran Reserva Etiqueta Negra-Bl",https://www.huyhoangcenter.com/wp-content/uploads/2021/05/Gran-Reserva-Etiqueta-Negra-Bl.png,"Tháng Năm 12, 2021",image/png
1044,"Gran Reserva Blend Etiqueta Az",https://www.huyhoangcenter.com/wp-content/uploads/2021/05/Gran-Reserva-Blend-Etiqueta-Az.png,"Tháng Năm 12, 2021",image/png
1043,"Gin Gold 999.9 40%vol. 700ml",https://www.huyhoangcenter.com/wp-content/uploads/2021/05/Gin-Gold-999.9-40vol.-700ml.jpg,"Tháng Năm 12, 2021",image/jpeg
1042,"Gin Etsu HOKKAIDO 43 VOL.",https://www.huyhoangcenter.com/wp-content/uploads/2021/05/Gin-Etsu-HOKKAIDO-43-VOL..jpg,"Tháng Năm 12, 2021",image/jpeg
1041,"Filo Negroamaro IGT Salento M",https://www.huyhoangcenter.com/wp-content/uploads/2021/05/Filo-Negroamaro-IGT-Salento-M-scaled.jpg,"Tháng Năm 12, 2021",image/jpeg
1040,"Filo 3L Negroamaro IGT Salent",https://www.huyhoangcenter.com/wp-content/uploads/2021/05/Filo-3L-Negroamaro-IGT-Salent.jpg,"Tháng Năm 12, 2021",image/jpeg
1039,"Diplomatico Single Vintage Rum",https://www.huyhoangcenter.com/wp-content/uploads/2021/05/Diplomatico-Single-Vintage-Rum.jpg,"Tháng Năm 12, 2021",image/jpeg
1038,"Diplomatico Ambassador Selecti",https://www.huyhoangcenter.com/wp-content/uploads/2021/05/Diplomatico-Ambassador-Selecti.jpg,"Tháng Năm 12, 2021",image/jpeg
1037,"De Stefani Prosecco Gold",https://www.huyhoangcenter.com/wp-content/uploads/2021/05/De-Stefani-Prosecco-Gold.png,"Tháng Năm 12, 2021",image/png
1036,"De Stefani Prosecco DOC",https://www.huyhoangcenter.com/wp-content/uploads/2021/05/De-Stefani-Prosecco-DOC.jpg,"Tháng Năm 12, 2021",image/jpeg
1035,"Cutizzi Greco di Tufo DOCG Ma",https://www.huyhoangcenter.com/wp-content/uploads/2021/05/Cutizzi-Greco-di-Tufo-DOCG-Ma.jpg,"Tháng Năm 12, 2021",image/jpeg
1034,"Cutizzi Greco Di Tufo DOCG 75",https://www.huyhoangcenter.com/wp-content/uploads/2021/05/Cutizzi-Greco-Di-Tufo-DOCG-75.jpg,"Tháng Năm 12, 2021",image/jpeg
1033,"Cognac Remy Martin VSOP 0,7l",https://www.huyhoangcenter.com/wp-content/uploads/2021/05/Cognac-Remy-Martin-VSOP-07l-scaled.jpg,"Tháng Năm 12, 2021",image/jpeg
1032,"Cognac Hennessy XO Limited E.",https://www.huyhoangcenter.com/wp-content/uploads/2021/05/Cognac-Hennessy-XO-Limited-E..jpg,"Tháng Năm 12, 2021",image/jpeg
1031,"Cognac Hennessy VSOP 0,7l 40",https://www.huyhoangcenter.com/wp-content/uploads/2021/05/Cognac-Hennessy-VSOP-07l-40.jpg,"Tháng Năm 12, 2021",image/jpeg
1030,"Cognac Hennessy V.S 0,7l",https://www.huyhoangcenter.com/wp-content/uploads/2021/05/Cognac-Hennessy-V.S-07l.jpg,"Tháng Năm 12, 2021",image/jpeg
1029,"Hennessy Master Blender Nº1",https://www.huyhoangcenter.com/wp-content/uploads/2021/05/Cognac-Hennessy-Master-Blend.jpg,"Tháng Năm 12, 2021",image/jpeg
1028,"Cognac Hennessy Black 1L 43",https://www.huyhoangcenter.com/wp-content/uploads/2021/05/Cognac-Hennessy-Black-1L-43.jpg,"Tháng Năm 12, 2021",image/jpeg
1027,"Cognac Camus Family Legacy 0",https://www.huyhoangcenter.com/wp-content/uploads/2021/05/Cognac-Camus-Family-Legacy-0.jpg,"Tháng Năm 12, 2021",image/jpeg
1026,"Cline Zinfandel &#8211; California 14%",https://www.huyhoangcenter.com/wp-content/uploads/2021/05/Cline-Zinfandel-California-14.png,"Tháng Năm 12, 2021",image/png
1025,"Cline Old Zinfander Lodi Califor",https://www.huyhoangcenter.com/wp-content/uploads/2021/05/Cline-Old-Zinfander-Lodi-Califor.png,"Tháng Năm 12, 2021",image/png
1024,"Chivas Royal Salute Eternal Res",https://www.huyhoangcenter.com/wp-content/uploads/2021/05/Chivas-Royal-Salute-Eternal-Res.jpg,"Tháng Năm 12, 2021",image/jpeg
1023,"Chivas Regal RS 21y. Snow Pol",https://www.huyhoangcenter.com/wp-content/uploads/2021/05/Chivas-Regal-RS-21y.-Snow-Pol.jpg,"Tháng Năm 12, 2021",image/jpeg
1022,"Chivas Regal Royal Salute 21yo",https://www.huyhoangcenter.com/wp-content/uploads/2021/05/Chivas-Regal-Royal-Salute-21yo.jpg,"Tháng Năm 12, 2021",image/jpeg
1021,"Chivas Regal Royal 32Y.O 0,5L",https://www.huyhoangcenter.com/wp-content/uploads/2021/05/Chivas-Regal-Royal-32Y.O-05L.jpg,"Tháng Năm 12, 2021",image/jpeg
1020,"Chivas Regal 38y.o Royal Stone",https://www.huyhoangcenter.com/wp-content/uploads/2021/05/Chivas-Regal-38y.o-Royal-Stone.jpg,"Tháng Năm 12, 2021",image/jpeg
1019,"Chivas Regal 25y.o 0,7L 40%vo",https://www.huyhoangcenter.com/wp-content/uploads/2021/05/Chivas-Regal-25y.o-07L-40vo.jpg,"Tháng Năm 12, 2021",image/jpeg
1018,"Chivas Regal 20y ULTIS 1999 V",https://www.huyhoangcenter.com/wp-content/uploads/2021/05/Chivas-Regal-20y-ULTIS-1999-V.jpg,"Tháng Năm 12, 2021",image/jpeg
1017,"Chivas Regal 18Y.o Gold Signat",https://www.huyhoangcenter.com/wp-content/uploads/2021/05/Chivas-Regal-18Y.o-Gold-Signat.jpg,"Tháng Năm 12, 2021",image/jpeg
1016,"Chivas Regal 15Y 0,7L Blended",https://www.huyhoangcenter.com/wp-content/uploads/2021/05/Chivas-Regal-15Y-07L-Blended.jpg,"Tháng Năm 12, 2021",image/jpeg
1015,"Chivas Regal 12y.o 0,7L + Dark",https://www.huyhoangcenter.com/wp-content/uploads/2021/05/Chivas-Regal-12y.o-07L-Dark.jpg,"Tháng Năm 12, 2021",image/jpeg
1014,"chateau tour de pressac saint e",https://www.huyhoangcenter.com/wp-content/uploads/2021/05/chateau-tour-de-pressac-saint-e.png,"Tháng Năm 12, 2021",image/png
1013,"Chateau Tour de Carnet magnu",https://www.huyhoangcenter.com/wp-content/uploads/2021/05/Chateau-Tour-de-Carnet-magnu.jpg,"Tháng Năm 12, 2021",image/jpeg
1012,"Chateau Planeres Vieilles Vigne",https://www.huyhoangcenter.com/wp-content/uploads/2021/05/Chateau-Planeres-Vieilles-Vigne.png,"Tháng Năm 12, 2021",image/png
1011,"chateau moulin haut villars fron",https://www.huyhoangcenter.com/wp-content/uploads/2021/05/chateau-moulin-haut-villars-fron.png,"Tháng Năm 12, 2021",image/png
1010,"Chateau MAUVINON Saint-Émili",https://www.huyhoangcenter.com/wp-content/uploads/2021/05/Chateau-MAUVINON-Saint-Emili.jpg,"Tháng Năm 12, 2021",image/jpeg
1009,"Chateau Le Mayne Turon Borde",https://www.huyhoangcenter.com/wp-content/uploads/2021/05/Chateau-Le-Mayne-Turon-Borde.png,"Tháng Năm 12, 2021",image/png
1008,"Chateau de Vaudieu Chateaune",https://www.huyhoangcenter.com/wp-content/uploads/2021/05/Chateau-de-Vaudieu-Chateaune.png,"Tháng Năm 12, 2021",image/png
1007,"Chateau de Croute Bordeaux",https://www.huyhoangcenter.com/wp-content/uploads/2021/05/Chateau-de-Croute-Bordeaux.png,"Tháng Năm 12, 2021",image/png
1006,"Chateau De Belloc",https://www.huyhoangcenter.com/wp-content/uploads/2021/05/Chateau-De-Belloc.jpg,"Tháng Năm 12, 2021",image/jpeg
1005,"chateau croix-mouton 2012",https://www.huyhoangcenter.com/wp-content/uploads/2021/05/chateau-croix-mouton-2012.jpg,"Tháng Năm 12, 2021",image/jpeg
1004,"Chateau BREJOU Bordeaux 14,",https://www.huyhoangcenter.com/wp-content/uploads/2021/05/Chateau-BREJOU-Bordeaux-14.png,"Tháng Năm 12, 2021",image/png
1003,"chateau beaubois elegance ma",https://www.huyhoangcenter.com/wp-content/uploads/2021/05/chateau-beaubois-elegance-ma.png,"Tháng Năm 12, 2021",image/png
1002,"chateau beaubois costieres de",https://www.huyhoangcenter.com/wp-content/uploads/2021/05/chateau-beaubois-costieres-de.jpg,"Tháng Năm 12, 2021",image/jpeg
1001,"Chablis Vieilles Vignes Closerie",https://www.huyhoangcenter.com/wp-content/uploads/2021/05/Chablis-Vieilles-Vignes-Closerie.png,"Tháng Năm 12, 2021",image/png
1000,"Chablis Premier Cru DURUP Fou",https://www.huyhoangcenter.com/wp-content/uploads/2021/05/Chablis-Premier-Cru-DURUP-Fou.png,"Tháng Năm 12, 2021",image/png
999,"Chablis La Maladiere &#8211; William F",https://www.huyhoangcenter.com/wp-content/uploads/2021/05/Chablis-La-Maladiere-William-F.png,"Tháng Năm 12, 2021",image/png
998,"Chablis Grand Cru Vaudesir -Ga",https://www.huyhoangcenter.com/wp-content/uploads/2021/05/Chablis-Grand-Cru-Vaudesir-Ga.png,"Tháng Năm 12, 2021",image/png
997,"Chablis Gerard Tremblay Domei",https://www.huyhoangcenter.com/wp-content/uploads/2021/05/Chablis-Gerard-Tremblay-Domei.jpg,"Tháng Năm 12, 2021",image/jpeg
996,"Chablis Durup L&#8217;Eglantiere AOC",https://www.huyhoangcenter.com/wp-content/uploads/2021/05/Chablis-Durup-LEglantiere-AOC.png,"Tháng Năm 12, 2021",image/png
995,"Chablis Durup 1er Cru L&#8217;Eglanti",https://www.huyhoangcenter.com/wp-content/uploads/2021/05/Chablis-Durup-1er-Cru-LEglanti.png,"Tháng Năm 12, 2021",image/png
994,"Chablis Domaine des Malandes",https://www.huyhoangcenter.com/wp-content/uploads/2021/05/Chablis-Domaine-des-Malandes.jpg,"Tháng Năm 12, 2021",image/jpeg
993,"Chablis AOC Domaine des Hate",https://www.huyhoangcenter.com/wp-content/uploads/2021/05/Chablis-AOC-Domaine-des-Hate.png,"Tháng Năm 12, 2021",image/png
992,"Chablis A.O.C 1.5l",https://www.huyhoangcenter.com/wp-content/uploads/2021/05/Chablis-A.O.C-1.5l.jpg,"Tháng Năm 12, 2021",image/jpeg
991,"chablis 1er cru 2013",https://www.huyhoangcenter.com/wp-content/uploads/2021/05/chablis-1er-cru-2013.jpg,"Tháng Năm 12, 2021",image/jpeg
990,"chablis 1 er cru",https://www.huyhoangcenter.com/wp-content/uploads/2021/05/chablis-1-er-cru.jpg,"Tháng Năm 12, 2021",image/jpeg
989,"Becherovka 0,7l",https://www.huyhoangcenter.com/wp-content/uploads/2021/05/Becherovka-07l.jpg,"Tháng Năm 12, 2021",image/jpeg
988,"Becherovka 0,5l 38vol.",https://www.huyhoangcenter.com/wp-content/uploads/2021/05/Becherovka-05l-38vol..jpg,"Tháng Năm 12, 2021",image/jpeg
987,"ch.feur de bouard la 2013,lalan",https://www.huyhoangcenter.com/wp-content/uploads/2021/05/ch.feur-de-bouard-la-2013lalan.png,"Tháng Năm 12, 2021",image/png
986,"ch. Tour de by 2012 double ma",https://www.huyhoangcenter.com/wp-content/uploads/2021/05/ch.-Tour-de-by-2012-double-ma.png,"Tháng Năm 12, 2021",image/png
985,"CalaMuri Primitivo IGT Salento",https://www.huyhoangcenter.com/wp-content/uploads/2021/05/CalaMuri-Primitivo-IGT-Salento.jpg,"Tháng Năm 12, 2021",image/jpeg
984,"CalaMuri 1.5l Primitivo IGT Sale",https://www.huyhoangcenter.com/wp-content/uploads/2021/05/CalaMuri-1.5l-Primitivo-IGT-Sale.jpg,"Tháng Năm 12, 2021",image/jpeg
983,"Brunello di Montalcino",https://www.huyhoangcenter.com/wp-content/uploads/2021/05/Brunello-di-Montalcino.jpg,"Tháng Năm 12, 2021",image/jpeg
982,"brunello di montalcino 2010 ma",https://www.huyhoangcenter.com/wp-content/uploads/2021/05/brunello-di-montalcino-2010-ma.jpg,"Tháng Năm 12, 2021",image/jpeg
981,"Beluga Vodka Celebration 0,7l 4",https://www.huyhoangcenter.com/wp-content/uploads/2021/05/Beluga-Vodka-Celebration-07l-4.jpg,"Tháng Năm 12, 2021",image/jpeg
980,"Beluga Noble Summer edition 4",https://www.huyhoangcenter.com/wp-content/uploads/2021/05/Beluga-Noble-Summer-edition-4.jpg,"Tháng Năm 12, 2021",image/jpeg
979,"Beluga Noble Russian Vodka Ce",https://www.huyhoangcenter.com/wp-content/uploads/2021/05/Beluga-Noble-Russian-Vodka-Ce.jpg,"Tháng Năm 12, 2021",image/jpeg
978,"Beluga Noble Export 1l Russian",https://www.huyhoangcenter.com/wp-content/uploads/2021/05/Beluga-Noble-Export-1l-Russian.jpg,"Tháng Năm 12, 2021",image/jpeg
976,"Barbera D&#8217;Alba DOC S.Eufemia",https://www.huyhoangcenter.com/wp-content/uploads/2021/05/Barbera-DAlba-DOC-S.Eufemia.jpg,"Tháng Năm 12, 2021",image/jpeg
975,"barbera dalba 20131.5 l",https://www.huyhoangcenter.com/wp-content/uploads/2021/05/barbera-dalba-20131.5-l.jpg,"Tháng Năm 12, 2021",image/jpeg
974,"Ballantines 30Y. 0,7L 40%vol. &#8211;",https://www.huyhoangcenter.com/wp-content/uploads/2021/05/Ballantines-30Y.-07L-40vol.-.jpg,"Tháng Năm 12, 2021",image/jpeg
973,"Ballantines 21y.o 0,7l 40%vol.",https://www.huyhoangcenter.com/wp-content/uploads/2021/05/Ballantines-21y.o-07l-40vol..jpg,"Tháng Năm 12, 2021",image/jpeg
972,"Ballantines 15y blended Scotch",https://www.huyhoangcenter.com/wp-content/uploads/2021/05/Ballantines-15y-blended-Scotch.jpg,"Tháng Năm 12, 2021",image/jpeg
971,"Ballantines 12y Blended Malt 0,",https://www.huyhoangcenter.com/wp-content/uploads/2021/05/Ballantines-12y-Blended-Malt-0.jpg,"Tháng Năm 12, 2021",image/jpeg
970,"Amarone DOCG Riserva Antiche",https://www.huyhoangcenter.com/wp-content/uploads/2021/05/Amarone-DOCG-Riserva-Antiche.png,"Tháng Năm 12, 2021",image/png
969,"Amarone D.C.O.G",https://www.huyhoangcenter.com/wp-content/uploads/2021/05/Amarone-D.C.O.G.jpg,"Tháng Năm 12, 2021",image/jpeg
968,"12emezzo Negroamaro 12,5%v",https://www.huyhoangcenter.com/wp-content/uploads/2021/05/12emezzo-Negroamaro-125v.png,"Tháng Năm 12, 2021",image/png
967,"12emezzo Malvasia 12,5%",https://www.huyhoangcenter.com/wp-content/uploads/2021/05/12emezzo-Malvasia-125.jpg,"Tháng Năm 12, 2021",image/jpeg
966,"12 emezzo",https://www.huyhoangcenter.com/wp-content/uploads/2021/05/12-emezzo.png,"Tháng Năm 12, 2021",image/png
965,"12 emezzo Primitivo Puglia BIO",https://www.huyhoangcenter.com/wp-content/uploads/2021/05/12-emezzo-Primitivo-Puglia-BIO.jpg,"Tháng Năm 12, 2021",image/jpeg
964,"12 emezzo Bianco Puglia BIO 1",https://www.huyhoangcenter.com/wp-content/uploads/2021/05/12-emezzo-Bianco-Puglia-BIO-1.png,"Tháng Năm 12, 2021",image/png
959,banner234,https://www.huyhoangcenter.com/wp-content/uploads/2021/05/banner234.jpg,"Tháng Năm 11, 2021",image/jpeg
956,banner,https://www.huyhoangcenter.com/wp-content/uploads/2021/05/banner.jpg,"Tháng Năm 11, 2021",image/jpeg
952,dienthoai,https://www.huyhoangcenter.com/wp-content/uploads/2021/05/dienthoai.png,"Tháng Năm 11, 2021",image/png
951,phukien,https://www.huyhoangcenter.com/wp-content/uploads/2021/05/phukien.png,"Tháng Năm 11, 2021",image/png
949,taphoa,https://www.huyhoangcenter.com/wp-content/uploads/2021/05/taphoa.png,"Tháng Năm 11, 2021",image/png
306,"hoa trang trí 30",https://www.huyhoangcenter.com/wp-content/uploads/2021/05/hoa-trang-tri-30.jpg,"Tháng Năm 11, 2021",image/jpeg
305,"hoa trang trí 29",https://www.huyhoangcenter.com/wp-content/uploads/2021/05/hoa-trang-tri-29.jpg,"Tháng Năm 11, 2021",image/jpeg
304,"hoa trang trí 28",https://www.huyhoangcenter.com/wp-content/uploads/2021/05/hoa-trang-tri-28.jpg,"Tháng Năm 11, 2021",image/jpeg
303,"hoa trang trí 27",https://www.huyhoangcenter.com/wp-content/uploads/2021/05/hoa-trang-tri-27.jpg,"Tháng Năm 11, 2021",image/jpeg
302,"hoa trang trí 26",https://www.huyhoangcenter.com/wp-content/uploads/2021/05/hoa-trang-tri-26.jpg,"Tháng Năm 11, 2021",image/jpeg
301,"hoa trang trí 25",https://www.huyhoangcenter.com/wp-content/uploads/2021/05/hoa-trang-tri-25.jpg,"Tháng Năm 11, 2021",image/jpeg
300,"hoa trang trí 24",https://www.huyhoangcenter.com/wp-content/uploads/2021/05/hoa-trang-tri-24.jpg,"Tháng Năm 11, 2021",image/jpeg
299,"hoa trang trí 23",https://www.huyhoangcenter.com/wp-content/uploads/2021/05/hoa-trang-tri-23.jpg,"Tháng Năm 11, 2021",image/jpeg
298,"hoa trang trí 22",https://www.huyhoangcenter.com/wp-content/uploads/2021/05/hoa-trang-tri-22.jpg,"Tháng Năm 11, 2021",image/jpeg
297,"hoa trang trí 21",https://www.huyhoangcenter.com/wp-content/uploads/2021/05/hoa-trang-tri-21.jpg,"Tháng Năm 11, 2021",image/jpeg
296,"hoa trang trí 20",https://www.huyhoangcenter.com/wp-content/uploads/2021/05/hoa-trang-tri-20.jpg,"Tháng Năm 11, 2021",image/jpeg
295,"hoa trang trí 19",https://www.huyhoangcenter.com/wp-content/uploads/2021/05/hoa-trang-tri-19.jpg,"Tháng Năm 11, 2021",image/jpeg
294,"hoa trang trí 18",https://www.huyhoangcenter.com/wp-content/uploads/2021/05/hoa-trang-tri-18.jpg,"Tháng Năm 11, 2021",image/jpeg
293,"hoa trang trí 17",https://www.huyhoangcenter.com/wp-content/uploads/2021/05/hoa-trang-tri-17.jpg,"Tháng Năm 11, 2021",image/jpeg
292,"hoa trang trí 16",https://www.huyhoangcenter.com/wp-content/uploads/2021/05/hoa-trang-tri-16.jpg,"Tháng Năm 11, 2021",image/jpeg
291,"hoa trang trí 15",https://www.huyhoangcenter.com/wp-content/uploads/2021/05/hoa-trang-tri-15.jpg,"Tháng Năm 11, 2021",image/jpeg
290,"hoa trang trí 14",https://www.huyhoangcenter.com/wp-content/uploads/2021/05/hoa-trang-tri-14.jpg,"Tháng Năm 11, 2021",image/jpeg
289,"hoa trang trí 13",https://www.huyhoangcenter.com/wp-content/uploads/2021/05/hoa-trang-tri-13.jpg,"Tháng Năm 11, 2021",image/jpeg
288,"hoa trang trí 12",https://www.huyhoangcenter.com/wp-content/uploads/2021/05/hoa-trang-tri-12.jpg,"Tháng Năm 11, 2021",image/jpeg
287,"hoa trang trí 11",https://www.huyhoangcenter.com/wp-content/uploads/2021/05/hoa-trang-tri-11.jpg,"Tháng Năm 11, 2021",image/jpeg
286,"hoa trang trí 10",https://www.huyhoangcenter.com/wp-content/uploads/2021/05/hoa-trang-tri-10.jpg,"Tháng Năm 11, 2021",image/jpeg
285,"hoa trang trí 9",https://www.huyhoangcenter.com/wp-content/uploads/2021/05/hoa-trang-tri-9.jpg,"Tháng Năm 11, 2021",image/jpeg
284,"hoa trang trí 8",https://www.huyhoangcenter.com/wp-content/uploads/2021/05/hoa-trang-tri-8.jpg,"Tháng Năm 11, 2021",image/jpeg
283,"hoa trang trí 7",https://www.huyhoangcenter.com/wp-content/uploads/2021/05/hoa-trang-tri-7.jpg,"Tháng Năm 11, 2021",image/jpeg
282,"hoa trang trí 6",https://www.huyhoangcenter.com/wp-content/uploads/2021/05/hoa-trang-tri-6.jpg,"Tháng Năm 11, 2021",image/jpeg
281,"hoa trang trí 5",https://www.huyhoangcenter.com/wp-content/uploads/2021/05/hoa-trang-tri-5.jpg,"Tháng Năm 11, 2021",image/jpeg
280,"hoa trang trí 4",https://www.huyhoangcenter.com/wp-content/uploads/2021/05/hoa-trang-tri-4.jpg,"Tháng Năm 11, 2021",image/jpeg
279,"hoa trang trí 3",https://www.huyhoangcenter.com/wp-content/uploads/2021/05/hoa-trang-tri-3.jpg,"Tháng Năm 11, 2021",image/jpeg
278,"hoa trang trí 2",https://www.huyhoangcenter.com/wp-content/uploads/2021/05/hoa-trang-tri-2.jpg,"Tháng Năm 11, 2021",image/jpeg
277,"hoa trang trí 1",https://www.huyhoangcenter.com/wp-content/uploads/2021/05/hoa-trang-tri-1.jpg,"Tháng Năm 11, 2021",image/jpeg
276,"hoa tình yêu 30",https://www.huyhoangcenter.com/wp-content/uploads/2021/05/hoa-tinh-yeu-30.jpg,"Tháng Năm 11, 2021",image/jpeg
275,"hoa tình yêu 29",https://www.huyhoangcenter.com/wp-content/uploads/2021/05/hoa-tinh-yeu-29.jpg,"Tháng Năm 11, 2021",image/jpeg
274,"hoa tình yêu 28",https://www.huyhoangcenter.com/wp-content/uploads/2021/05/hoa-tinh-yeu-28.jpg,"Tháng Năm 11, 2021",image/jpeg
273,"hoa tình yêu 27",https://www.huyhoangcenter.com/wp-content/uploads/2021/05/hoa-tinh-yeu-27.jpg,"Tháng Năm 11, 2021",image/jpeg
272,"hoa tình yêu 26",https://www.huyhoangcenter.com/wp-content/uploads/2021/05/hoa-tinh-yeu-26.jpg,"Tháng Năm 11, 2021",image/jpeg
271,"hoa tình yêu 25",https://www.huyhoangcenter.com/wp-content/uploads/2021/05/hoa-tinh-yeu-25.jpg,"Tháng Năm 11, 2021",image/jpeg
270,"hoa tình yêu 24",https://www.huyhoangcenter.com/wp-content/uploads/2021/05/hoa-tinh-yeu-24.jpg,"Tháng Năm 11, 2021",image/jpeg
269,"hoa tình yêu 23",https://www.huyhoangcenter.com/wp-content/uploads/2021/05/hoa-tinh-yeu-23.jpg,"Tháng Năm 11, 2021",image/jpeg
268,"hoa tình yêu 22",https://www.huyhoangcenter.com/wp-content/uploads/2021/05/hoa-tinh-yeu-22.jpg,"Tháng Năm 11, 2021",image/jpeg
267,"hoa tình yêu 21",https://www.huyhoangcenter.com/wp-content/uploads/2021/05/hoa-tinh-yeu-21.jpg,"Tháng Năm 11, 2021",image/jpeg
266,"hoa tình yêu 20",https://www.huyhoangcenter.com/wp-content/uploads/2021/05/hoa-tinh-yeu-20.jpg,"Tháng Năm 11, 2021",image/jpeg
265,"hoa tình yêu 19",https://www.huyhoangcenter.com/wp-content/uploads/2021/05/hoa-tinh-yeu-19.jpg,"Tháng Năm 11, 2021",image/jpeg
264,"hoa tình yêu 18",https://www.huyhoangcenter.com/wp-content/uploads/2021/05/hoa-tinh-yeu-18.jpg,"Tháng Năm 11, 2021",image/jpeg
263,"hoa tình yêu 17",https://www.huyhoangcenter.com/wp-content/uploads/2021/05/hoa-tinh-yeu-17.jpg,"Tháng Năm 11, 2021",image/jpeg
262,"hoa tình yêu 16",https://www.huyhoangcenter.com/wp-content/uploads/2021/05/hoa-tinh-yeu-16.jpg,"Tháng Năm 11, 2021",image/jpeg
261,"hoa tình yêu 15",https://www.huyhoangcenter.com/wp-content/uploads/2021/05/hoa-tinh-yeu-15.jpg,"Tháng Năm 11, 2021",image/jpeg
260,"hoa tình yêu 14",https://www.huyhoangcenter.com/wp-content/uploads/2021/05/hoa-tinh-yeu-14.jpg,"Tháng Năm 11, 2021",image/jpeg
259,"hoa tình yêu 13",https://www.huyhoangcenter.com/wp-content/uploads/2021/05/hoa-tinh-yeu-13.jpg,"Tháng Năm 11, 2021",image/jpeg
258,"hoa tình yêu 12",https://www.huyhoangcenter.com/wp-content/uploads/2021/05/hoa-tinh-yeu-12.jpg,"Tháng Năm 11, 2021",image/jpeg
257,"hoa tình yêu 11",https://www.huyhoangcenter.com/wp-content/uploads/2021/05/hoa-tinh-yeu-11.jpg,"Tháng Năm 11, 2021",image/jpeg
256,"hoa tình yêu 10",https://www.huyhoangcenter.com/wp-content/uploads/2021/05/hoa-tinh-yeu-10.jpg,"Tháng Năm 11, 2021",image/jpeg
255,"hoa tình yêu 9",https://www.huyhoangcenter.com/wp-content/uploads/2021/05/hoa-tinh-yeu-9.jpg,"Tháng Năm 11, 2021",image/jpeg
254,"hoa tình yêu 8",https://www.huyhoangcenter.com/wp-content/uploads/2021/05/hoa-tinh-yeu-8.jpg,"Tháng Năm 11, 2021",image/jpeg
253,"hoa tình yêu 7",https://www.huyhoangcenter.com/wp-content/uploads/2021/05/hoa-tinh-yeu-7.jpg,"Tháng Năm 11, 2021",image/jpeg
252,"hoa tình yêu 6",https://www.huyhoangcenter.com/wp-content/uploads/2021/05/hoa-tinh-yeu-6.jpg,"Tháng Năm 11, 2021",image/jpeg
251,"hoa tình yêu 5",https://www.huyhoangcenter.com/wp-content/uploads/2021/05/hoa-tinh-yeu-5.jpg,"Tháng Năm 11, 2021",image/jpeg
250,"hoa tình yêu 4",https://www.huyhoangcenter.com/wp-content/uploads/2021/05/hoa-tinh-yeu-4.jpg,"Tháng Năm 11, 2021",image/jpeg
249,"hoa tình yêu 3",https://www.huyhoangcenter.com/wp-content/uploads/2021/05/hoa-tinh-yeu-3.jpg,"Tháng Năm 11, 2021",image/jpeg
248,"hoa tình yêu 2",https://www.huyhoangcenter.com/wp-content/uploads/2021/05/hoa-tinh-yeu-2.jpg,"Tháng Năm 11, 2021",image/jpeg
247,"hoa tình yêu 1",https://www.huyhoangcenter.com/wp-content/uploads/2021/05/hoa-tinh-yeu-1.jpg,"Tháng Năm 11, 2021",image/jpeg
246,"hoa sinh nhật 37",https://www.huyhoangcenter.com/wp-content/uploads/2021/05/hoa-sinh-nhat-37.jpg,"Tháng Năm 11, 2021",image/jpeg
245,"hoa sinh nhật 36",https://www.huyhoangcenter.com/wp-content/uploads/2021/05/hoa-sinh-nhat-36.jpg,"Tháng Năm 11, 2021",image/jpeg
244,"hoa sinh nhật 35",https://www.huyhoangcenter.com/wp-content/uploads/2021/05/hoa-sinh-nhat-35.jpg,"Tháng Năm 11, 2021",image/jpeg
243,"hoa sinh nhật 34",https://www.huyhoangcenter.com/wp-content/uploads/2021/05/hoa-sinh-nhat-34.jpg,"Tháng Năm 11, 2021",image/jpeg
242,"hoa sinh nhật 33",https://www.huyhoangcenter.com/wp-content/uploads/2021/05/hoa-sinh-nhat-33.jpg,"Tháng Năm 11, 2021",image/jpeg
241,"hoa sinh nhật 32",https://www.huyhoangcenter.com/wp-content/uploads/2021/05/hoa-sinh-nhat-32.jpg,"Tháng Năm 11, 2021",image/jpeg
240,"hoa sinh nhật 31",https://www.huyhoangcenter.com/wp-content/uploads/2021/05/hoa-sinh-nhat-31.jpg,"Tháng Năm 11, 2021",image/jpeg
239,"hoa sinh nhật 30",https://www.huyhoangcenter.com/wp-content/uploads/2021/05/hoa-sinh-nhat-30.jpg,"Tháng Năm 11, 2021",image/jpeg
238,"hoa sinh nhật 29",https://www.huyhoangcenter.com/wp-content/uploads/2021/05/hoa-sinh-nhat-29.jpg,"Tháng Năm 11, 2021",image/jpeg
237,"hoa sinh nhật 28",https://www.huyhoangcenter.com/wp-content/uploads/2021/05/hoa-sinh-nhat-28.jpg,"Tháng Năm 11, 2021",image/jpeg
236,"hoa sinh nhật 27",https://www.huyhoangcenter.com/wp-content/uploads/2021/05/hoa-sinh-nhat-27.jpg,"Tháng Năm 11, 2021",image/jpeg
235,"hoa sinh nhật 26",https://www.huyhoangcenter.com/wp-content/uploads/2021/05/hoa-sinh-nhat-26.jpg,"Tháng Năm 11, 2021",image/jpeg
234,"hoa sinh nhật 25",https://www.huyhoangcenter.com/wp-content/uploads/2021/05/hoa-sinh-nhat-25.jpg,"Tháng Năm 11, 2021",image/jpeg
233,"hoa sinh nhật 24",https://www.huyhoangcenter.com/wp-content/uploads/2021/05/hoa-sinh-nhat-24.jpg,"Tháng Năm 11, 2021",image/jpeg
232,"hoa sinh nhật 23",https://www.huyhoangcenter.com/wp-content/uploads/2021/05/hoa-sinh-nhat-23.jpg,"Tháng Năm 11, 2021",image/jpeg
231,"hoa sinh nhật 22",https://www.huyhoangcenter.com/wp-content/uploads/2021/05/hoa-sinh-nhat-22.jpg,"Tháng Năm 11, 2021",image/jpeg
230,"hoa sinh nhật 21",https://www.huyhoangcenter.com/wp-content/uploads/2021/05/hoa-sinh-nhat-21.jpg,"Tháng Năm 11, 2021",image/jpeg
229,"hoa sinh nhật 20",https://www.huyhoangcenter.com/wp-content/uploads/2021/05/hoa-sinh-nhat-20.jpg,"Tháng Năm 11, 2021",image/jpeg
228,"hoa sinh nhật 19",https://www.huyhoangcenter.com/wp-content/uploads/2021/05/hoa-sinh-nhat-19.jpg,"Tháng Năm 11, 2021",image/jpeg
227,"hoa sinh nhật 18",https://www.huyhoangcenter.com/wp-content/uploads/2021/05/hoa-sinh-nhat-18.jpg,"Tháng Năm 11, 2021",image/jpeg
226,"hoa sinh nhật 17",https://www.huyhoangcenter.com/wp-content/uploads/2021/05/hoa-sinh-nhat-17.jpg,"Tháng Năm 11, 2021",image/jpeg
225,"hoa sinh nhật 16",https://www.huyhoangcenter.com/wp-content/uploads/2021/05/hoa-sinh-nhat-16.jpg,"Tháng Năm 11, 2021",image/jpeg
224,"hoa sinh nhật 15",https://www.huyhoangcenter.com/wp-content/uploads/2021/05/hoa-sinh-nhat-15.jpg,"Tháng Năm 11, 2021",image/jpeg
223,"hoa sinh nhật 14",https://www.huyhoangcenter.com/wp-content/uploads/2021/05/hoa-sinh-nhat-14.jpg,"Tháng Năm 11, 2021",image/jpeg
222,"hoa sinh nhật 13",https://www.huyhoangcenter.com/wp-content/uploads/2021/05/hoa-sinh-nhat-13.jpg,"Tháng Năm 11, 2021",image/jpeg
221,"hoa sinh nhật 12",https://www.huyhoangcenter.com/wp-content/uploads/2021/05/hoa-sinh-nhat-12.jpg,"Tháng Năm 11, 2021",image/jpeg
220,"hoa sinh nhật 11",https://www.huyhoangcenter.com/wp-content/uploads/2021/05/hoa-sinh-nhat-11.jpg,"Tháng Năm 11, 2021",image/jpeg
219,"hoa sinh nhật 10",https://www.huyhoangcenter.com/wp-content/uploads/2021/05/hoa-sinh-nhat-10.jpg,"Tháng Năm 11, 2021",image/jpeg
218,"hoa sinh nhật 9",https://www.huyhoangcenter.com/wp-content/uploads/2021/05/hoa-sinh-nhat-9.jpg,"Tháng Năm 11, 2021",image/jpeg
217,"hoa sinh nhật 8",https://www.huyhoangcenter.com/wp-content/uploads/2021/05/hoa-sinh-nhat-8.jpg,"Tháng Năm 11, 2021",image/jpeg
216,"hoa sinh nhật 7",https://www.huyhoangcenter.com/wp-content/uploads/2021/05/hoa-sinh-nhat-7.jpg,"Tháng Năm 11, 2021",image/jpeg
215,"hoa sinh nhật 6",https://www.huyhoangcenter.com/wp-content/uploads/2021/05/hoa-sinh-nhat-6.jpg,"Tháng Năm 11, 2021",image/jpeg
214,"hoa sinh nhật 5",https://www.huyhoangcenter.com/wp-content/uploads/2021/05/hoa-sinh-nhat-5.jpg,"Tháng Năm 11, 2021",image/jpeg
213,"hoa sinh nhật 4",https://www.huyhoangcenter.com/wp-content/uploads/2021/05/hoa-sinh-nhat-4.jpg,"Tháng Năm 11, 2021",image/jpeg
212,"hoa sinh nhật 3",https://www.huyhoangcenter.com/wp-content/uploads/2021/05/hoa-sinh-nhat-3.jpg,"Tháng Năm 11, 2021",image/jpeg
211,"hoa sinh nhật 2",https://www.huyhoangcenter.com/wp-content/uploads/2021/05/hoa-sinh-nhat-2.jpg,"Tháng Năm 11, 2021",image/jpeg
210,"hoa sinh nhật 1",https://www.huyhoangcenter.com/wp-content/uploads/2021/05/hoa-sinh-nhat-1.jpg,"Tháng Năm 11, 2021",image/jpeg
209,"Hoa hội nghị 30",https://www.huyhoangcenter.com/wp-content/uploads/2021/05/Hoa-hoi-nghi-30.jpg,"Tháng Năm 11, 2021",image/jpeg
208,"Hoa hội nghị 29",https://www.huyhoangcenter.com/wp-content/uploads/2021/05/Hoa-hoi-nghi-29.jpg,"Tháng Năm 11, 2021",image/jpeg
207,"hoa hội nghị 28",https://www.huyhoangcenter.com/wp-content/uploads/2021/05/hoa-hoi-nghi-28.jpg,"Tháng Năm 11, 2021",image/jpeg
206,"Hoa hội nghị 27",https://www.huyhoangcenter.com/wp-content/uploads/2021/05/Hoa-hoi-nghi-27.jpg,"Tháng Năm 11, 2021",image/jpeg
205,"hoa hội nghị 26",https://www.huyhoangcenter.com/wp-content/uploads/2021/05/hoa-hoi-nghi-26.jpg,"Tháng Năm 11, 2021",image/jpeg
204,"Hoa hội nghị 25",https://www.huyhoangcenter.com/wp-content/uploads/2021/05/Hoa-hoi-nghi-25.jpg,"Tháng Năm 11, 2021",image/jpeg
203,"Hoa hội nghị 24",https://www.huyhoangcenter.com/wp-content/uploads/2021/05/Hoa-hoi-nghi-24.jpg,"Tháng Năm 11, 2021",image/jpeg
202,"Hoa hội nghị 23",https://www.huyhoangcenter.com/wp-content/uploads/2021/05/Hoa-hoi-nghi-23.jpg,"Tháng Năm 11, 2021",image/jpeg
201,"Hoa hội nghị 22",https://www.huyhoangcenter.com/wp-content/uploads/2021/05/Hoa-hoi-nghi-22.jpg,"Tháng Năm 11, 2021",image/jpeg
200,"Hoa hội nghị 21",https://www.huyhoangcenter.com/wp-content/uploads/2021/05/Hoa-hoi-nghi-21.jpg,"Tháng Năm 11, 2021",image/jpeg
199,"Hoa hội nghị 20",https://www.huyhoangcenter.com/wp-content/uploads/2021/05/Hoa-hoi-nghi-20.jpg,"Tháng Năm 11, 2021",image/jpeg
198,"Hoa hội nghị 19",https://www.huyhoangcenter.com/wp-content/uploads/2021/05/Hoa-hoi-nghi-19.jpg,"Tháng Năm 11, 2021",image/jpeg
197,"Hoa hội nghị 18",https://www.huyhoangcenter.com/wp-content/uploads/2021/05/Hoa-hoi-nghi-18.jpg,"Tháng Năm 11, 2021",image/jpeg
196,"Hoa hội nghị 17",https://www.huyhoangcenter.com/wp-content/uploads/2021/05/Hoa-hoi-nghi-17.jpg,"Tháng Năm 11, 2021",image/jpeg
195,"Hoa hội nghị 16",https://www.huyhoangcenter.com/wp-content/uploads/2021/05/Hoa-hoi-nghi-16.jpg,"Tháng Năm 11, 2021",image/jpeg
194,"Hoa hội nghị 15",https://www.huyhoangcenter.com/wp-content/uploads/2021/05/Hoa-hoi-nghi-15.jpg,"Tháng Năm 11, 2021",image/jpeg
193,"Hoa hội nghị 14",https://www.huyhoangcenter.com/wp-content/uploads/2021/05/Hoa-hoi-nghi-14.jpg,"Tháng Năm 11, 2021",image/jpeg
192,"Hoa hội nghị 13",https://www.huyhoangcenter.com/wp-content/uploads/2021/05/Hoa-hoi-nghi-13.jpg,"Tháng Năm 11, 2021",image/jpeg
191,"Hoa hội nghị 12",https://www.huyhoangcenter.com/wp-content/uploads/2021/05/Hoa-hoi-nghi-12.jpg,"Tháng Năm 11, 2021",image/jpeg
190,"Hoa hội nghị 10",https://www.huyhoangcenter.com/wp-content/uploads/2021/05/Hoa-hoi-nghi-10.jpg,"Tháng Năm 11, 2021",image/jpeg
189,"Hoa hội nghị 9",https://www.huyhoangcenter.com/wp-content/uploads/2021/05/Hoa-hoi-nghi-9.jpg,"Tháng Năm 11, 2021",image/jpeg
188,"Hoa hội nghị 8",https://www.huyhoangcenter.com/wp-content/uploads/2021/05/Hoa-hoi-nghi-8.jpg,"Tháng Năm 11, 2021",image/jpeg
187,"Hoa hội nghị 7",https://www.huyhoangcenter.com/wp-content/uploads/2021/05/Hoa-hoi-nghi-7.jpg,"Tháng Năm 11, 2021",image/jpeg
186,"Hoa hội nghị 6",https://www.huyhoangcenter.com/wp-content/uploads/2021/05/Hoa-hoi-nghi-6.jpg,"Tháng Năm 11, 2021",image/jpeg
185,"Hoa hội nghị 5",https://www.huyhoangcenter.com/wp-content/uploads/2021/05/Hoa-hoi-nghi-5.jpg,"Tháng Năm 11, 2021",image/jpeg
184,"Hoa hội nghị 4",https://www.huyhoangcenter.com/wp-content/uploads/2021/05/Hoa-hoi-nghi-4.jpg,"Tháng Năm 11, 2021",image/jpeg
183,"Hoa hội nghị 3",https://www.huyhoangcenter.com/wp-content/uploads/2021/05/Hoa-hoi-nghi-3.jpg,"Tháng Năm 11, 2021",image/jpeg
182,"Hoa hội nghị 2",https://www.huyhoangcenter.com/wp-content/uploads/2021/05/Hoa-hoi-nghi-2.jpg,"Tháng Năm 11, 2021",image/jpeg
181,"Hoa hội nghị 1",https://www.huyhoangcenter.com/wp-content/uploads/2021/05/Hoa-hoi-nghi-1.jpg,"Tháng Năm 11, 2021",image/jpeg
180,"hoa bó tươi 4",https://www.huyhoangcenter.com/wp-content/uploads/2021/05/hoa-bo-tuoi-4-1.jpg,"Tháng Năm 11, 2021",image/jpeg
179,"hoa bó tươi 31",https://www.huyhoangcenter.com/wp-content/uploads/2021/05/hoa-bo-tuoi-31.jpg,"Tháng Năm 11, 2021",image/jpeg
178,"hoa bó tươi 30",https://www.huyhoangcenter.com/wp-content/uploads/2021/05/hoa-bo-tuoi-30.jpg,"Tháng Năm 11, 2021",image/jpeg
177,"hoa bó tươi 29",https://www.huyhoangcenter.com/wp-content/uploads/2021/05/hoa-bo-tuoi-29.jpg,"Tháng Năm 11, 2021",image/jpeg
176,"hoa bó tươi 28",https://www.huyhoangcenter.com/wp-content/uploads/2021/05/hoa-bo-tuoi-28.jpg,"Tháng Năm 11, 2021",image/jpeg
175,"hoa bó tươi 27",https://www.huyhoangcenter.com/wp-content/uploads/2021/05/hoa-bo-tuoi-27.jpg,"Tháng Năm 11, 2021",image/jpeg
174,"hoa bó tươi 26",https://www.huyhoangcenter.com/wp-content/uploads/2021/05/hoa-bo-tuoi-26.jpg,"Tháng Năm 11, 2021",image/jpeg
173,"hoa bó tươi 25",https://www.huyhoangcenter.com/wp-content/uploads/2021/05/hoa-bo-tuoi-25.jpg,"Tháng Năm 11, 2021",image/jpeg
172,"hoa bó tươi 24",https://www.huyhoangcenter.com/wp-content/uploads/2021/05/hoa-bo-tuoi-24.jpg,"Tháng Năm 11, 2021",image/jpeg
171,"hoa bó tươi 23",https://www.huyhoangcenter.com/wp-content/uploads/2021/05/hoa-bo-tuoi-23.jpg,"Tháng Năm 11, 2021",image/jpeg
170,"hoa bó tươi 22",https://www.huyhoangcenter.com/wp-content/uploads/2021/05/hoa-bo-tuoi-22.jpg,"Tháng Năm 11, 2021",image/jpeg
169,"hoa bó tươi 21",https://www.huyhoangcenter.com/wp-content/uploads/2021/05/hoa-bo-tuoi-21.jpg,"Tháng Năm 11, 2021",image/jpeg
168,"hoa bó tươi 20",https://www.huyhoangcenter.com/wp-content/uploads/2021/05/hoa-bo-tuoi-20.jpg,"Tháng Năm 11, 2021",image/jpeg
167,"hoa bó tươi 19",https://www.huyhoangcenter.com/wp-content/uploads/2021/05/hoa-bo-tuoi-19.jpg,"Tháng Năm 11, 2021",image/jpeg
166,"hoa bó tươi 18",https://www.huyhoangcenter.com/wp-content/uploads/2021/05/hoa-bo-tuoi-18.jpg,"Tháng Năm 11, 2021",image/jpeg
165,"hoa bó tươi 17",https://www.huyhoangcenter.com/wp-content/uploads/2021/05/hoa-bo-tuoi-17.jpg,"Tháng Năm 11, 2021",image/jpeg
164,"hoa bó tươi 16",https://www.huyhoangcenter.com/wp-content/uploads/2021/05/hoa-bo-tuoi-16.jpg,"Tháng Năm 11, 2021",image/jpeg
163,"hoa bó tươi 15",https://www.huyhoangcenter.com/wp-content/uploads/2021/05/hoa-bo-tuoi-15.jpg,"Tháng Năm 11, 2021",image/jpeg
162,"hoa bó tươi 14",https://www.huyhoangcenter.com/wp-content/uploads/2021/05/hoa-bo-tuoi-14.jpg,"Tháng Năm 11, 2021",image/jpeg
161,"hoa bó tươi 13",https://www.huyhoangcenter.com/wp-content/uploads/2021/05/hoa-bo-tuoi-13.jpg,"Tháng Năm 11, 2021",image/jpeg
160,"hoa bó tươi 12",https://www.huyhoangcenter.com/wp-content/uploads/2021/05/hoa-bo-tuoi-12.jpg,"Tháng Năm 11, 2021",image/jpeg
159,"hoa bó tươi 11",https://www.huyhoangcenter.com/wp-content/uploads/2021/05/hoa-bo-tuoi-11.jpg,"Tháng Năm 11, 2021",image/jpeg
158,"hoa bó tươi 10",https://www.huyhoangcenter.com/wp-content/uploads/2021/05/hoa-bo-tuoi-10.jpg,"Tháng Năm 11, 2021",image/jpeg
157,"hoa bó tươi 9",https://www.huyhoangcenter.com/wp-content/uploads/2021/05/hoa-bo-tuoi-9.jpg,"Tháng Năm 11, 2021",image/jpeg
156,"hoa bó tươi 8",https://www.huyhoangcenter.com/wp-content/uploads/2021/05/hoa-bo-tuoi-8.jpg,"Tháng Năm 11, 2021",image/jpeg
155,"hoa bó tươi 7",https://www.huyhoangcenter.com/wp-content/uploads/2021/05/hoa-bo-tuoi-7.jpg,"Tháng Năm 11, 2021",image/jpeg
154,"hoa bó tươi 6",https://www.huyhoangcenter.com/wp-content/uploads/2021/05/hoa-bo-tuoi-6.jpg,"Tháng Năm 11, 2021",image/jpeg
153,"hoa bó tươi 5",https://www.huyhoangcenter.com/wp-content/uploads/2021/05/hoa-bo-tuoi-5.jpg,"Tháng Năm 11, 2021",image/jpeg
152,"hoa bó tươi 4",https://www.huyhoangcenter.com/wp-content/uploads/2021/05/hoa-bo-tuoi-4.jpg,"Tháng Năm 11, 2021",image/jpeg
151,"hoa bó tươi 3",https://www.huyhoangcenter.com/wp-content/uploads/2021/05/hoa-bo-tuoi-3.jpg,"Tháng Năm 11, 2021",image/jpeg
150,"hoa bó tươi 2",https://www.huyhoangcenter.com/wp-content/uploads/2021/05/hoa-bo-tuoi-2.jpg,"Tháng Năm 11, 2021",image/jpeg
149,"hoa bó tươi 1",https://www.huyhoangcenter.com/wp-content/uploads/2021/05/hoa-bo-tuoi-1.jpg,"Tháng Năm 11, 2021",image/jpeg
146,nuochoa,https://www.huyhoangcenter.com/wp-content/uploads/2021/05/nuochoa.png,"Tháng Năm 11, 2021",image/png
144,wine1,https://www.huyhoangcenter.com/wp-content/uploads/2021/05/wine1.png,"Tháng Năm 11, 2021",image/png
138,wine,https://www.huyhoangcenter.com/wp-content/uploads/2021/05/wine.png,"Tháng Năm 11, 2021",image/png
135,hoatuoi,https://www.huyhoangcenter.com/wp-content/uploads/2021/05/hoatuoi.png,"Tháng Năm 11, 2021",image/png
114,banner-sale_optimized,https://www.huyhoangcenter.com/wp-content/uploads/2021/05/banner-sale_optimized.jpg,"Tháng Năm 11, 2021",image/jpeg
112,banner2,https://www.huyhoangcenter.com/wp-content/uploads/2021/05/banner2-scaled.jpg,"Tháng Năm 11, 2021",image/jpeg
108,banner1,https://www.huyhoangcenter.com/wp-content/uploads/2021/05/banner1-scaled.jpg,"Tháng Năm 11, 2021",image/jpeg
93,chatluong,https://www.huyhoangcenter.com/wp-content/uploads/2021/05/chatluong.png,"Tháng Năm 10, 2021",image/png
92,spstaff,https://www.huyhoangcenter.com/wp-content/uploads/2021/05/spstaff.png,"Tháng Năm 10, 2021",image/png
90,ship,https://www.huyhoangcenter.com/wp-content/uploads/2021/05/ship.png,"Tháng Năm 10, 2021",image/png
76,cropped-logo.png,https://www.huyhoangcenter.com/wp-content/uploads/2021/05/cropped-logo.png,"Tháng Năm 10, 2021",image/png
62,logo,https://www.huyhoangcenter.com/wp-content/uploads/2021/05/logo.png,"Tháng Năm 10, 2021",image/png
